News Organization,Tweet Text,Positive Sentiment,Negative Sentiment,Neutral Sentiment,Compound Sentiment,Time of Tweet
CBS,"RT @fifthpoesys: QUE PERFORMANCE MARAVILHOSA
#GRAMMYs",0.0,0.0,1.0,0.0,2018-01-29 02:40:57+00:00
CBS,RT @naptural_mae: I have so much admiration for Kesha #GRAMMYs,0.321,0.0,0.679,0.5829,2018-01-29 02:40:59+00:00
CBS,RT @KathyLynn904: That‚Äôs was absolutely beautiful and powerful thank you @KeshaRose and all the ladies who joined her unbelievable #GRAMMYS,0.419,0.0,0.581,0.8899,2018-01-29 02:45:57+00:00
CBS,RT if you're crying like @HaileeSteinfeld after that moving @KeshaRose + @cyndilauper + @Camila_Cabello +‚Ä¶ https://t.co/9qnQrhpiXy,0.142,0.176,0.682,-0.1531,2018-01-29 02:49:24+00:00
CBS,That's what we like! @BrunoMars wins the #GRAMMY for Song of the Year. See all of The 60th Annual #GRAMMYs winners‚Ä¶ https://t.co/op6rSMuOzv,0.245,0.0,0.755,0.7574,2018-01-29 03:02:43+00:00
CBS,RT @BlueBloods_CBS: Lookin' good @DonnieWahlberg ü§† #GRAMMYs https://t.co/7FftMSU7Do,0.326,0.0,0.674,0.4404,2018-01-29 03:04:50+00:00
CBS,RT @FunnyManShaun: Elton John with the Liberace swag #GRAMMYs,0.0,0.0,1.0,0.0,2018-01-29 03:06:26+00:00
CBS,"RT @nictothemarie: wow
wow
wow
wow
wow
wow
wow
wow
@eltonjohn @mileycyrus
having a heart EXPLOSION
#grammys",0.792,0.0,0.208,0.9854,2018-01-29 03:06:30+00:00
CBS,Generations of icons come together on the #GRAMMY stage. See all of the performances from The 60th Annual #GRAMMYs‚Ä¶ https://t.co/amGC0Lu4Di,0.0,0.0,1.0,0.0,2018-01-29 03:12:26+00:00
CBS,The #GRAMMYs is a family affair...or is it? https://t.co/ohPdzp8jIZ,0.0,0.0,1.0,0.0,2018-01-29 03:20:49+00:00
CBS,"Blue Ivy doesn't wanna miss a minute of the action. ü§´ 

Watch The #GRAMMYs now on CBS and CBS All Access:‚Ä¶ https://t.co/26zRlvLKgl",0.071,0.0,0.929,0.1139,2018-01-29 03:24:02+00:00
CBS,RT @AnnaKendrick47: Punish me with those vocals @BenSPLATT üòµ #GRAMMYs,0.0,0.298,0.702,-0.5267,2018-01-29 03:25:26+00:00
CBS,üíÉüíÉüíÉ https://t.co/VZB0QEbajw,0.0,0.0,1.0,0.0,2018-01-29 03:25:53+00:00
CBS,"RT @Jordan_Roth: And THAT is how it‚Äôs done, kids. #Patti #GRAMMYs",0.0,0.0,1.0,0.0,2018-01-29 03:27:04+00:00
CBS,CBS Stars @shemarmoore from @swatcbs and @TheRealEve from @TheTalkCBS charming the crowd at The 60th Annual #GRAMMYs https://t.co/HLnRBE2rFW,0.183,0.0,0.817,0.5859,2018-01-29 03:34:36+00:00
CBS,"Slay all day, @sza! #GRAMMYs https://t.co/h1oCVMZE55",0.0,0.0,1.0,0.0,2018-01-29 03:37:27+00:00
CBS,RT @CBSTweet: Cute family alert! @pink üíï #GRAMMYs https://t.co/isveVC8aoJ,0.478,0.0,0.522,0.6696,2018-01-29 03:37:35+00:00
CBS,24K Magic is in the air at the 60th Annual #GRAMMYs! @BrunoMars wins Record Of The Year! See all of the winners her‚Ä¶ https://t.co/jGaqsvQt7W,0.251,0.0,0.749,0.8118,2018-01-29 03:45:43+00:00
CBS,What was your favorite #GRAMMY moment from tonight? https://t.co/x3q4ZhltV9,0.273,0.0,0.727,0.4588,2018-01-29 03:46:27+00:00
CBS,RT @pawprintedzoe: Music is a beautiful thing #Grammys,0.394,0.0,0.606,0.5994,2018-01-29 03:49:19+00:00
CBS,"RT @TheSaraNoH: Thank you @RecordingAcad for helping to keep music in schools! 

#GRAMMYs",0.312,0.0,0.688,0.6114,2018-01-29 03:50:25+00:00
CBS,You don't want to miss a moment of The #GRAMMYs. Watch now on CBS and CBS All Access: https://t.co/rtZ7sSGFOC https://t.co/oVvgF0CNLr,0.073,0.062,0.864,0.0572,2018-01-29 03:53:06+00:00
CBS,"RT @CBSNews: .@HillaryClinton makes an appearance at #Grammys during a reading of ""Fire and Fury."" The book details President Trump's first‚Ä¶",0.0,0.112,0.888,-0.34,2018-01-29 03:55:20+00:00
CBS,"RT @CBSNews: ""My father, if you are watching this dad, I love you. Look at me, pop, look at me, I'm at the #Grammys right now!"" @BrunoMars‚Ä¶",0.152,0.0,0.848,0.6696,2018-01-29 03:55:24+00:00
CBS,That. Performance. Wow. #GRAMMYs https://t.co/rDg37rzQvn,0.487,0.0,0.513,0.5859,2018-01-29 03:58:49+00:00
CBS,Drippin' in finesse üôå @BrunoMars wins Album Of The Year at The #GRAMMYs! See all of the winners here:‚Ä¶ https://t.co/BK4bF9ggSI,0.294,0.0,0.706,0.7959,2018-01-29 04:10:47+00:00
CBS,"It was real y'all. Congratulations to everyone who won and all who were nominated. Finally, thank you to everyone w‚Ä¶ https://t.co/jqBkGTtEyM",0.359,0.0,0.641,0.8779,2018-01-29 04:12:46+00:00
CBS,We caught up with @imjmichaels on the #GRAMMYs red carpet and learned all about how @IBM is using Watson and AI to‚Ä¶ https://t.co/sJpn44xPnV,0.0,0.0,1.0,0.0,2018-01-29 04:19:55+00:00
CBS,"Relive @LuisFonsi, @daddy_yankee, and @zuleyka_rivera's electric performance of 'Despacito' that lit up the‚Ä¶ https://t.co/9m1mytX9VW",0.0,0.0,1.0,0.0,2018-01-29 05:34:44+00:00
CBS,See @U2's intense #GRAMMYs performance in front of the majestic Statue of Liberty: https://t.co/Y1ZhzDYPdt https://t.co/SOf9kpMHOq,0.266,0.0,0.734,0.5719,2018-01-29 06:15:02+00:00
CBS,"See @littlebigtown belt out a heartfelt version of their hit song 'Better Man,' written by @taylorswift13:‚Ä¶ https://t.co/mQJZ4lIOtZ",0.314,0.0,0.686,0.7506,2018-01-29 07:01:01+00:00
CBS,Get ready to sing along as @eltonofficial and @MileyCyrus deliver an unforgettable rendition of the iconic song 'Ti‚Ä¶ https://t.co/upVo9SZUCh,0.122,0.0,0.878,0.3612,2018-01-29 07:25:04+00:00
CBS,See who won big on Music's Biggest Night¬ÆÔ∏è: https://t.co/yyb8bwMqEx #GRAMMYs https://t.co/OgV3UcK3jw,0.27,0.0,0.73,0.5719,2018-01-29 07:40:26+00:00
CBS,The stage was packed with star power from start to finish on Music's Biggest Night¬Æ! Catch up on all the live perfo‚Ä¶ https://t.co/Mzqp82FiUS,0.0,0.0,1.0,0.0,2018-01-29 08:18:18+00:00
CBS,Music's biggest stars came together for a night of celebration and song at the The 60th Annual #GRAMMYs! Stream the‚Ä¶ https://t.co/flFIflTQ5s,0.0,0.0,1.0,0.0,2018-01-29 12:00:03+00:00
CBS,"With his powerful single 'Pray,"" @samsmithworld captivated the #GRAMMYs crowd. Watch the full performance:‚Ä¶ https://t.co/159qGVFyxW",0.293,0.0,0.707,0.6597,2018-01-29 13:00:01+00:00
CBS,Watch @BrunoMars and @iamcardib pull out all the stops at the #GRAMMYs for their fun and funky duet of 'Finesse.'‚Ä¶ https://t.co/z1ZTosotw9,0.136,0.123,0.741,0.3182,2018-01-29 14:00:02+00:00
CBS,"The #GRAMMYs were full of emotional performances, stirring speeches, and jaw-dropping fashion. See all the red carp‚Ä¶ https://t.co/yqpOW9tWm3",0.086,0.0,0.914,0.1531,2018-01-29 15:00:03+00:00
CBS,"Relive epic GRAMMY rock performances from @Metallica, @beck, @coldplay and more on @AppleMusic. Start your free tri‚Ä¶ https://t.co/xmkaZGjlMM",0.163,0.0,0.837,0.5106,2018-01-29 16:00:05+00:00
CBS,‚ú®@LadyGaga's stripped-down performance soared on the #GRAMMYs stage. See all the night's performances here:‚Ä¶ https://t.co/Dw6xSzeeGC,0.0,0.0,1.0,0.0,2018-01-29 17:15:04+00:00
CBS,When your win at The #GRAMMYs feels like 24K Magic! Congratulations to @BrunoMars for taking home six awards this y‚Ä¶ https://t.co/UhWCE8OKfK,0.442,0.0,0.558,0.9259,2018-01-29 18:00:02+00:00
CBS,üé∂@BrunoMars worked his 24K Magic to become the night's biggest winner. See his #GRAMMYs acceptance speech for Album‚Ä¶ https://t.co/dXzjWH0myx,0.286,0.0,0.714,0.7783,2018-01-29 19:00:05+00:00
CBS,The dapper duo of @itstonybennett and @johnlegend brought down the #GRAMMYs house with an impromptu duet.‚Ä¶ https://t.co/ucRrAFk59f,0.0,0.0,1.0,0.0,2018-01-29 20:00:04+00:00
CBS,Check out these photos of the night's best backstage moments you didn't see on TV! Here's what you missed at The 60‚Ä¶ https://t.co/6TBI8NV8JJ,0.162,0.079,0.758,0.5093,2018-01-29 22:10:15+00:00
CBS,Superstar @Pink left it all on the stage last night in a simply stunning performance that brought the crowd to thei‚Ä¶ https://t.co/B9Tj5INcNu,0.115,0.0,0.885,0.3818,2018-01-29 22:45:21+00:00
CBS,.@OfficialSting and @shaggy757 joined together to bring their upbeat reggae vibes to Madison Square Garden. Watch t‚Ä¶ https://t.co/iqq0DbM1IR,0.0,0.0,1.0,0.0,2018-01-30 00:11:05+00:00
CBS,Childish Gambino serenaded the crowd with his smooth vocals in this mesmerizing performance. Watch him perform 'Ter‚Ä¶ https://t.co/TkWZP7PS22,0.0,0.115,0.885,-0.296,2018-01-30 01:29:06+00:00
CBS,Even our host @JKCorden was starstruck when Broadway icon Patti LuPone performed at The #GRAMMYs! https://t.co/YJhNBllFh6,0.0,0.0,1.0,0.0,2018-01-30 02:12:15+00:00
CBS,Rapper @Logic301 delivered a poignant message of hope to conclude his powerful performance with @alessiacara and‚Ä¶ https://t.co/elSqZExRtN,0.289,0.0,0.711,0.6908,2018-01-30 03:17:51+00:00
CBS,"Tomorrow, catch a sneak peek of the incredible @TiffanyHaddish in her first Super Bowl Commercial for @Groupon on‚Ä¶ https://t.co/RlehujNvFN",0.187,0.0,0.813,0.5994,2018-01-30 04:03:31+00:00
CBS,Remember when @robinthicke and Lil Wayne (@liltunechi) joined jazz legends on stage at the 51st #GRAMMYs? Watch thi‚Ä¶ https://t.co/2l8gBdOrli,0.0,0.0,1.0,0.0,2018-01-30 16:00:02+00:00
CBS,"Super Bowl Greatest Commercials 2018 airs tonight! Cast your vote now, then tune in and vote for the winner live at‚Ä¶ https://t.co/h4jGpUheP5",0.391,0.0,0.609,0.9215,2018-01-30 18:46:04+00:00
CBS,Throw it back to this classic Michael Jordan vs. Larry Bird spot tonight on Super Bowl Greatest Commercials 2018! W‚Ä¶ https://t.co/g2H4zV7wIN,0.306,0.0,0.694,0.8553,2018-01-30 21:19:22+00:00
CBS,Everyone knows the best part of the Super Bowl is the commercials! Find out how to tune in and vote for your favori‚Ä¶ https://t.co/KGDYl9oF98,0.276,0.0,0.724,0.8553,2018-01-30 23:35:01+00:00
CBS,"Join @NCISLA's @DanielaRuah and @7BOOMERESIASON on Super Bowl Greatest Commercials 2018, tonight at 8/7c on CBS and‚Ä¶ https://t.co/nzVu1FCRc5",0.407,0.0,0.593,0.8834,2018-01-31 00:11:53+00:00
CBS,"Tonight, get a first look at #ChrisElliott starring in the new @AvosfromMexico Super Bowl Commercial on‚Ä¶ https://t.co/WMEjsZfgdg",0.206,0.0,0.794,0.5994,2018-01-31 00:37:20+00:00
CBS,It's Man vs. Beast as these classic Super Bowl spots face off tonight on Super Bowl Greatest Commercials 2018! Tune‚Ä¶ https://t.co/GcoSAcfeUd,0.406,0.0,0.594,0.923,2018-01-31 00:55:04+00:00
CBS,Super Bowl Greatest Commercials 2018 hosts @7BOOMERESIASON and @DanielaRuah are moments away from announcing the tw‚Ä¶ https://t.co/cKM1WXPc9u,0.351,0.0,0.649,0.8442,2018-01-31 01:00:35+00:00
CBS,RT @Mixxxalv: Watching #superbowlcommercials let the best win!,0.58,0.0,0.42,0.8516,2018-01-31 01:04:34+00:00
CBS,RT @dRoy: Homework will take a break for now. #superbowlcommercials on cbs is on üëå,0.0,0.0,1.0,0.0,2018-01-31 01:08:01+00:00
CBS,RT @dRoy: Homework will take a break for now. #superbowlcommercials on cbs is on üëå,0.0,0.0,1.0,0.0,2018-01-31 01:08:01+00:00
CBS,Do you remember this Super Bowl commercial featuring @KevinHart4real playing an overprotective father?‚Ä¶ https://t.co/ejLnTEG5ug,0.349,0.0,0.651,0.7525,2018-01-31 01:16:15+00:00
CBS,Do you remember this Super Bowl commercial featuring @KevinHart4real playing an overprotective father?‚Ä¶ https://t.co/ejLnTEG5ug,0.349,0.0,0.651,0.7525,2018-01-31 01:16:15+00:00
CBS,RT @MsLindsieStarr: That dang goat! #Doritos #superbowlcommercials,0.0,0.0,1.0,0.0,2018-01-31 01:17:37+00:00
CBS,RT @MsLindsieStarr: That dang goat! #Doritos #superbowlcommercials,0.0,0.0,1.0,0.0,2018-01-31 01:17:37+00:00
CBS,Never make a goat angry. #SuperBowlCommercials https://t.co/xRJssdAErk,0.0,0.398,0.602,-0.5106,2018-01-31 01:18:37+00:00
CBS,Never make a goat angry. #SuperBowlCommercials https://t.co/xRJssdAErk,0.0,0.398,0.602,-0.5106,2018-01-31 01:18:37+00:00
CBS,RT @PatHale915: Doritos time machine was great!   #superbowlcommercials,0.386,0.0,0.614,0.6588,2018-01-31 01:24:16+00:00
CBS,RT @PatHale915: Doritos time machine was great!   #superbowlcommercials,0.386,0.0,0.614,0.6588,2018-01-31 01:24:16+00:00
CBS,RT @LittleShelbyMae: Love watching the #superbowlcommercials all the animal ones are my favorite!!,0.414,0.0,0.586,0.8309,2018-01-31 01:29:10+00:00
CBS,RT @LittleShelbyMae: Love watching the #superbowlcommercials all the animal ones are my favorite!!,0.414,0.0,0.586,0.8309,2018-01-31 01:29:10+00:00
CBS,RT @5691e44f3b66446: I am having so much fun ...the commercials are awesome #superbowlcommercials,0.434,0.0,0.566,0.8261,2018-01-31 01:31:27+00:00
CBS,RT @5691e44f3b66446: I am having so much fun ...the commercials are awesome #superbowlcommercials,0.434,0.0,0.566,0.8261,2018-01-31 01:31:27+00:00
CBS,"If you haven't voted yet, it's not too late! Choose your favorite here: https://t.co/s4pEIF5IX8‚Ä¶ https://t.co/VCa1YHDyYy",0.19,0.0,0.81,0.5093,2018-01-31 01:49:43+00:00
CBS,"If you haven't voted yet, it's not too late! Choose your favorite here: https://t.co/s4pEIF5IX8‚Ä¶ https://t.co/VCa1YHDyYy",0.19,0.0,0.81,0.5093,2018-01-31 01:49:43+00:00
CBS,"RT @maverickkr: #superbowlcommercials the frogs were great, I'd forgotten about that one.",0.256,0.119,0.625,0.4939,2018-01-31 01:52:46+00:00
CBS,"RT @maverickkr: #superbowlcommercials the frogs were great, I'd forgotten about that one.",0.256,0.119,0.625,0.4939,2018-01-31 01:52:46+00:00
CBS,"If this doesn‚Äôt make you cry, nothing will. #SuperBowlCommercials https://t.co/UjFf3xr4so",0.0,0.256,0.744,-0.4767,2018-01-31 01:58:40+00:00
CBS,"If this doesn‚Äôt make you cry, nothing will. #SuperBowlCommercials https://t.co/UjFf3xr4so",0.0,0.256,0.744,-0.4767,2018-01-31 01:58:40+00:00
CBS,"RT @rikimae: Ok, that one makes me cry #superbowlcommercials",0.179,0.252,0.569,-0.2263,2018-01-31 02:15:16+00:00
CBS,"RT @rikimae: Ok, that one makes me cry #superbowlcommercials",0.179,0.252,0.569,-0.2263,2018-01-31 02:15:16+00:00
CBS,Missed the Man vs. Beast #SuperBowlCommercials showdown? Catch up now to find out which entertaining ad was named t‚Ä¶ https://t.co/SlyO0n7yMX,0.126,0.095,0.779,0.1779,2018-01-31 06:55:30+00:00
CBS,Missed the Man vs. Beast #SuperBowlCommercials showdown? Catch up now to find out which entertaining ad was named t‚Ä¶ https://t.co/SlyO0n7yMX,0.126,0.095,0.779,0.1779,2018-01-31 06:55:30+00:00
CBS,"Country stars @EricChurch, @BrothersOsborne and @MarenMorris performed a touching tribute dedicated to the victims‚Ä¶ https://t.co/YCIq9i70fd",0.188,0.0,0.812,0.4588,2018-01-31 16:37:17+00:00
CBS,"Country stars @EricChurch, @BrothersOsborne and @MarenMorris performed a touching tribute dedicated to the victims‚Ä¶ https://t.co/YCIq9i70fd",0.188,0.0,0.812,0.4588,2018-01-31 16:37:17+00:00
CBS,RT @survivorcbs: Get excited! üôå It‚Äôs finally time to meet the castaways of #Survivor: Ghost Island ‚ò† https://t.co/xQQ8ROhKbM https://t.co/P‚Ä¶,0.135,0.115,0.75,0.1007,2018-01-31 17:05:47+00:00
CBS,RT @survivorcbs: Get excited! üôå It‚Äôs finally time to meet the castaways of #Survivor: Ghost Island ‚ò† https://t.co/xQQ8ROhKbM https://t.co/P‚Ä¶,0.135,0.115,0.75,0.1007,2018-01-31 17:05:47+00:00
CBS,"Don't miss country stars Emmylou Harris and @ChrisStapleton perform a moving rendition of @TomPetty's classic song,‚Ä¶ https://t.co/GxoIW97XIu",0.088,0.0,0.912,0.1139,2018-01-31 21:42:15+00:00
CBS,"Don't miss country stars Emmylou Harris and @ChrisStapleton perform a moving rendition of @TomPetty's classic song,‚Ä¶ https://t.co/GxoIW97XIu",0.088,0.0,0.912,0.1139,2018-01-31 21:42:15+00:00
BBCWorld,Flooded Paris street delights wakeboarders https://t.co/dTPIVgXdB8,0.375,0.0,0.625,0.4588,2018-02-01 17:17:54+00:00
BBCWorld,South Africa gold mine: About 950 workers trapped underground https://t.co/KdQBdIiqmt,0.0,0.274,0.726,-0.5267,2018-02-01 17:45:14+00:00
BBCWorld,French climber Elisabeth Revol describes Pakistan's 'Killer Mountain' ordeal https://t.co/1gHp4ZZPIi,0.0,0.323,0.677,-0.6486,2018-02-01 17:54:49+00:00
BBCWorld,White House 'to release' secret memo on FBI https://t.co/r7pdlCpBlS,0.0,0.0,1.0,0.0,2018-02-01 17:54:49+00:00
BBCWorld,World's longest zip wire opens in the UAE https://t.co/cLqQPq8EtP,0.0,0.0,1.0,0.0,2018-02-01 18:08:30+00:00
BBCWorld,Texas man to be executed for killing his two daughters https://t.co/z2GGAqvoE1,0.0,0.306,0.694,-0.6597,2018-02-01 19:26:44+00:00
BBCWorld,Hong Kong pro-democracy activists nominated for Nobel Peace Prize https://t.co/zeU7VxK8v0,0.459,0.0,0.541,0.7783,2018-02-01 19:30:45+00:00
BBCWorld,"Doctor shares some positive, inspiring thoughts of the terminally ill children in his care https://t.co/6EVn5Pa7Up",0.48,0.114,0.407,0.8402,2018-02-01 19:45:03+00:00
BBCWorld,RT @BBCNorthAmerica: Former White House Press Secretary @seanspicer on handling President Trump: ‚ÄúWorking with President Trump is not like‚Ä¶,0.0,0.0,1.0,0.0,2018-02-01 20:00:55+00:00
CBS,"üé∏ @LittleBigTown, @U2, @BrunoMars and @Pink are just a few of the superstar performers that lit up the stage at The‚Ä¶ https://t.co/2v0MNYMItG",0.0,0.0,1.0,0.0,2018-02-01 20:09:49+00:00
CBS,"üé∏ @LittleBigTown, @U2, @BrunoMars and @Pink are just a few of the superstar performers that lit up the stage at The‚Ä¶ https://t.co/2v0MNYMItG",0.0,0.0,1.0,0.0,2018-02-01 20:09:49+00:00
BBCWorld,RT @danroan: Winter Olympics 2018 turmoil: CAS Russia ruling exposes ‚Äúcraven and spineless‚Äù sports leaders blasts ‚Äúappalled and angry‚Äù IOC‚Ä¶,0.0,0.182,0.818,-0.4588,2018-02-01 20:44:26+00:00
BBCWorld,"Two shot after girl, 12, opens fire at Los Angeles school https://t.co/7BwJs8ZgHw",0.0,0.179,0.821,-0.34,2018-02-01 21:27:20+00:00
BBCWorld,Zimbabwe opposition leader 'attacked' on campaign trail https://t.co/Gh7znSMQUS,0.0,0.0,1.0,0.0,2018-02-01 21:27:20+00:00
BBCWorld,Doctor shares dying children's wishes: 'Be kind and eat ice cream' https://t.co/ac8RXkCa3V,0.444,0.0,0.556,0.7351,2018-02-01 21:40:53+00:00
BBCWorld,Natalie Wood death: Police say Robert Wagner 'person of interest' https://t.co/iFxeVwOiHp,0.189,0.245,0.566,-0.2263,2018-02-01 21:53:32+00:00
BBCWorld,"RT @BBCNorthAmerica: The severed arm of St Francis Xavier, who died in 1552, is touring across Canada https://t.co/faGOdgZcli https://t.co/‚Ä¶",0.0,0.264,0.736,-0.7269,2018-02-01 22:00:44+00:00
CBS,üé∂ @DearEvanHansen star Ben Platt gave a soaring performance of a classic Broadway hit. Watch him perform 'Somewhere‚Ä¶ https://t.co/HcuizFWo02,0.0,0.0,1.0,0.0,2018-02-01 22:04:41+00:00
CBS,üé∂ @DearEvanHansen star Ben Platt gave a soaring performance of a classic Broadway hit. Watch him perform 'Somewhere‚Ä¶ https://t.co/HcuizFWo02,0.0,0.0,1.0,0.0,2018-02-01 22:04:41+00:00
BBCWorld,China police state: Fear and resentment https://t.co/srbmnLV9nu,0.0,0.55,0.45,-0.7269,2018-02-01 22:07:26+00:00
BBCWorld,Five migrants shot in huge Calais brawl https://t.co/bPr1afyoIU,0.247,0.0,0.753,0.3182,2018-02-01 22:07:26+00:00
BBCWorld,RT @bbcworldservice: How did an amateur astronomer from Canada find a @nasa satellite that's been missing since 2005? https://t.co/Z0vsitZz‚Ä¶,0.0,0.115,0.885,-0.296,2018-02-01 22:22:20+00:00
BBCWorld,Syria conflict: Air strike in Hama province cripples cave hospital https://t.co/x3nV3e5k7e,0.0,0.297,0.703,-0.4215,2018-02-01 22:23:32+00:00
BBCWorld,Maldives Supreme Court orders release of jailed politicians https://t.co/SreRW38Yb6,0.261,0.232,0.507,0.1027,2018-02-01 23:12:12+00:00
BBCWorld,Larry Nassar case: Michigan police apologise to victim https://t.co/8eReQgNGRE,0.222,0.179,0.598,0.128,2018-02-02 00:03:53+00:00
BBCWorld,Coping with life after a daughter's disappearance https://t.co/05FA1D5AFK,0.0,0.0,1.0,0.0,2018-02-02 00:33:51+00:00
BBCWorld,Two storied US cities ready for Super Bowl battle https://t.co/4ExqXGMYUK,0.4,0.163,0.438,0.5859,2018-02-02 00:42:55+00:00
BBCWorld,The rise and fall of Islamic State's propaganda machine https://t.co/17tRZbbmf5,0.0,0.182,0.818,-0.25,2018-02-02 00:42:55+00:00
BBCWorld,SLEEPCINEMAHOTEL: Where they want you to fall asleep https://t.co/7oVvrtTimK,0.14,0.0,0.86,0.0772,2018-02-02 00:56:16+00:00
BBCWorld,Sabrina Simader : Kenya's 'Snow Leopard' aiming for Olympic glory https://t.co/mDqCjX0Bic,0.28,0.0,0.72,0.5423,2018-02-02 01:09:11+00:00
BBCWorld,'I broke away from a strict homeschooling community cult' https://t.co/dUeMLTMqeD,0.0,0.259,0.741,-0.4215,2018-02-02 01:09:13+00:00
BBCWorld,The people who think mass shootings are staged https://t.co/taY4uDeT80,0.0,0.0,1.0,0.0,2018-02-02 01:18:01+00:00
BBCWorld,Beaumont children: Excavation in Australia over 1966 mystery https://t.co/e3cezDoTZ5,0.0,0.0,1.0,0.0,2018-02-02 01:30:20+00:00
BBCWorld,Cuba: Fidel Castro's son 'takes own life' https://t.co/5YHzoxlOJt,0.0,0.0,1.0,0.0,2018-02-02 01:56:17+00:00
BBCWorld,Slender Man stabbing: Morgan Geyser gets 40 years in mental unit https://t.co/02ZopbrWHT,0.0,0.0,1.0,0.0,2018-02-02 02:04:42+00:00
BBCWorld,Tillerson says Venezuelan military may turn on Maduro https://t.co/kXgQIESIlL,0.0,0.0,1.0,0.0,2018-02-02 03:40:52+00:00
BBCWorld,Shanghai van incident: 18 injured as vehicle hits pedestrians https://t.co/HiUGHWP709,0.0,0.231,0.769,-0.4019,2018-02-02 03:51:00+00:00
BBCWorld,Egypt election: Al-Sisi one of two remaining candidates https://t.co/tLNiZQYA55,0.0,0.0,1.0,0.0,2018-02-02 04:40:10+00:00
BBCWorld,South Africa gold mine: Rescue underway for 955 trapped workers https://t.co/w08G36HaAk,0.21,0.217,0.573,-0.0258,2018-02-02 04:47:54+00:00
BBCWorld,Australia gambling: Landmark 'pokies' lawsuit dismissed https://t.co/Rq9p8BjLiS,0.159,0.232,0.61,-0.1531,2018-02-02 05:03:39+00:00
CNN,Sen. Joe Manchin: Devin Nunes has 'neutered' people's confidence in the House Intel Committee https://t.co/1xuw9skNdC,0.191,0.0,0.809,0.5106,2018-02-02 05:24:14+00:00
CNN,23 pieces of Super Bowl trivia that are actually fascinating (even if you don't care about the Super Bowl)‚Ä¶ https://t.co/WTuRvYe4AT,0.378,0.088,0.535,0.8648,2018-02-02 05:31:09+00:00
nytimes,"RT @nytpolitics: As President Trump looks ahead to 2020, about 25 percent of his re-election campaign‚Äôs spending continues to go to law fir‚Ä¶",0.0,0.0,1.0,0.0,2018-02-02 05:48:05+00:00
CNN,Former first lady Michelle Obama relives the awkward Inauguration Day gift exchange during her first television int‚Ä¶ https://t.co/1k0UMAZHEk,0.141,0.078,0.78,0.3182,2018-02-02 05:48:23+00:00
BBCWorld,French climber Elisabeth Revol describes 'Killer Mountain' rescue https://t.co/XIE2ZN893K,0.226,0.295,0.479,-0.25,2018-02-02 05:50:08+00:00
BBCWorld,"Los Angeles school shooting by girl, 12, 'was unintentional' https://t.co/Anvj3Jf1eC",0.0,0.0,1.0,0.0,2018-02-02 05:54:15+00:00
CNN,"The Trump administration is expected to extend protections for roughly 6,000 Syrian nationals in the US due to the‚Ä¶ https://t.co/ydoLMlz6eD",0.082,0.0,0.918,0.1779,2018-02-02 06:01:05+00:00
nytimes,The truck driver was arrested and is expected to be charged with an ‚Äúattack against cultural heritage‚Äù https://t.co/O4rpvpXsLz,0.0,0.234,0.766,-0.5994,2018-02-02 06:03:04+00:00
CNN,"US President Donald Trump will host Australian Prime Minister Malcolm Turnbull later this month, the White House an‚Ä¶ https://t.co/zSg4aRLEgi",0.0,0.0,1.0,0.0,2018-02-02 06:12:03+00:00
CNN,"Tablet computers will be given to all 51,000 state prisoners in New York https://t.co/HnH19sayLt https://t.co/nTjmYVf3yf",0.0,0.191,0.809,-0.5106,2018-02-02 06:16:07+00:00
CNN,A 40-year-old man lost control of his vehicle and plowed into pedestrians on a busy Shanghai street on Friday morni‚Ä¶ https://t.co/LmnaLBaxYH,0.0,0.113,0.887,-0.3182,2018-02-02 06:16:09+00:00
nytimes,The Humane Society's board decided to retain its longtime CEO despite an investigation that has uncovered multiple‚Ä¶ https://t.co/ieoze4x8h7,0.0,0.0,1.0,0.0,2018-02-02 06:18:08+00:00
CNN,The call for Recording Academy president Neil Portnow to step down reached a fever pitch when prominent women in th‚Ä¶ https://t.co/1zhJG8qppk,0.171,0.0,0.829,0.4019,2018-02-02 06:29:03+00:00
CNN,The big questions before the Nunes memo is released | Analysis by @StCollinson https://t.co/m4wLKf86Fy,0.0,0.0,1.0,0.0,2018-02-02 06:32:05+00:00
nytimes,Fact Check: Some of Democrats' responses to President Trump‚Äôs State of the Union speech mislead and leave out conte‚Ä¶ https://t.co/LqKsVYq6Xa,0.0,0.059,0.941,-0.0516,2018-02-02 06:33:02+00:00
CNN,A man who was convicted of killing his two daughters while his wife listened on the phone was executed Thursday nig‚Ä¶ https://t.co/HqPRZcQCAE,0.0,0.18,0.82,-0.6597,2018-02-02 06:42:01+00:00
nytimes,"Fidel Castro's eldest son, a nuclear physicist, has committed suicide, Cuban state-run media said. He was 68. https://t.co/8In7q2d0eJ",0.097,0.208,0.694,-0.5267,2018-02-02 06:48:04+00:00
CNN,"This teenager has delivered more than 3,000 solar lamps to Puerto Rican families who are still without power, more‚Ä¶ https://t.co/OYjNZsV4gI",0.0,0.0,1.0,0.0,2018-02-02 07:01:03+00:00
nytimes,This is what happens when polar bears wear video cameras as they hunt seals https://t.co/89Ooi1TuBh,0.0,0.0,1.0,0.0,2018-02-02 07:07:43+00:00
CNN,"President Trump says he wants to fix ""the injustice of high drug prices."" But can he? https://t.co/mW1KmdvudW https://t.co/UKxLyNKbla",0.0,0.179,0.821,-0.5719,2018-02-02 07:15:09+00:00
nytimes,"A smoking driver in Shanghai lost control after a fire broke out inside his van, causing him to plow into pedestria‚Ä¶ https://t.co/vKuToI8gGd",0.0,0.306,0.694,-0.7579,2018-02-02 07:22:07+00:00
CNN,"Wendy's isn't pulling punches in its upcoming Super Bowl ad, where it mocks McDonald's for its so-called ""flash fro‚Ä¶ https://t.co/MBN9TZ9k9C",0.157,0.12,0.723,0.2263,2018-02-02 07:31:02+00:00
CNN,One week to go until the Winter Olympics get underway in South Korea. @PHancocksCNN follows the preparations in Pye‚Ä¶ https://t.co/KwZ7yZPfsy,0.0,0.0,1.0,0.0,2018-02-02 07:35:36+00:00
nytimes,"RT @amyyqin: ""In any refugee camp tragedy is commodified."" @hkbeech grapples with the challenge of reporting the facts in the Rohyinga refu‚Ä¶",0.051,0.171,0.778,-0.6249,2018-02-02 07:37:05+00:00
CNN,French dairy giant Lactalis said baby milk products produced at its Craon factory could have been contaminated with‚Ä¶ https://t.co/AujcqS9kYE,0.0,0.0,1.0,0.0,2018-02-02 07:49:07+00:00
nytimes,"Sooner or later, the U.S. and Afghanistan will find themselves facing one of Afghanistan‚Äôs endgames ‚Äî whether by ch‚Ä¶ https://t.co/LnLUnMCCxw",0.0,0.0,1.0,0.0,2018-02-02 07:50:08+00:00
CNN,"From Hillary Clinton to Carly Fiorina, Maria Cantwell, Sarah Palin and Patty Murray: A brief history of female poli‚Ä¶ https://t.co/lhCAEMwHVr",0.0,0.0,1.0,0.0,2018-02-02 08:01:03+00:00
BBCWorld,Trump memo: Ryan plays down impact on Russia inquiry https://t.co/nfwR371umR,0.182,0.0,0.818,0.25,2018-02-02 08:01:39+00:00
nytimes,"South Korea plans to field up to 60,000 security personnel each day of the Winter Games ‚Äì more than twice the numbe‚Ä¶ https://t.co/XNzdtHpVK3",0.103,0.0,0.897,0.34,2018-02-02 08:07:54+00:00
BBCWorld,"RT @BBCNews: Meghan Markle sees the funny side in an awards ceremony mix-up.

Things didn't go to script at an event to honour inspirationa‚Ä¶",0.314,0.0,0.686,0.8625,2018-02-02 08:19:14+00:00
nytimes,"From @nytopinion: The right-wing war on empiricism has spread from media and science to the FBI, argues‚Ä¶ https://t.co/tPcfv9Ecjt",0.0,0.187,0.813,-0.5994,2018-02-02 08:24:25+00:00
BBCWorld,RT @bbcdavideades: Auction time for Premier League football tv rights....so - would you pay more to keep watching the footie? #BBCBizLive,0.0,0.069,0.931,-0.1027,2018-02-02 08:28:50+00:00
CNN,"Many veterans who served in the Iraq and Afghanistan wars aren't getting the mental health care they need, a new in‚Ä¶ https://t.co/o9W2f4sS3b",0.124,0.14,0.736,-0.1027,2018-02-02 08:31:02+00:00
CNN,"An upcoming 107,000 square-foot museum will feature digital art that visitors can interact with:‚Ä¶ https://t.co/xc2FeSZrVU",0.0,0.0,1.0,0.0,2018-02-02 08:32:42+00:00
nytimes,The Pentagon worries that the White House is moving too hastily toward military action on North Korea that could es‚Ä¶ https://t.co/e4UKOV1CLo,0.0,0.123,0.877,-0.4215,2018-02-02 08:39:03+00:00
CNN,"Canada's Senate has passed a bill making the country's national anthem ""O Canada"" gender-neutral‚Ä¶ https://t.co/vujFtVfVeB",0.0,0.0,1.0,0.0,2018-02-02 08:53:53+00:00
nytimes,RT @SherylNYT: Is Devin Nunes ‚ÄúTrump‚Äôs Stooge?‚Äù Or a GOP hero? My report with @AllMattNYT  https://t.co/EQ0rLa0WPs,0.22,0.0,0.78,0.6072,2018-02-02 08:54:05+00:00
BBCWorld,"With parts of Paris still under water, these wakeboarders have been practising their sport in a flooded street‚Ä¶ https://t.co/9vbxlG1sdV",0.0,0.0,1.0,0.0,2018-02-02 08:58:49+00:00
CNN,"Connie Sawyer, who was the oldest working actress in Hollywood, has died at age 105. She had remained in acting wel‚Ä¶ https://t.co/JmwVkNat5e",0.0,0.146,0.854,-0.5574,2018-02-02 09:01:04+00:00
BBCWorld,Helicopters collide in fatal France crash https://t.co/qXGqAj6hto,0.0,0.652,0.348,-0.7579,2018-02-02 09:05:56+00:00
CNN,"Fidel Castro's eldest son, who was known as ""Fidelito"" or little Fidel, took his own life on Thursday, Cuban state‚Ä¶ https://t.co/HZganLmBPk",0.0,0.0,1.0,0.0,2018-02-02 09:08:06+00:00
BBCWorld,Africa's week in pictures: 26 January - 2 February 2018 https://t.co/kyf7NgbQfS,0.0,0.0,1.0,0.0,2018-02-02 09:13:57+00:00
nytimes,Opinion: How millennials are changing German politics https://t.co/DBezW7EMhe,0.0,0.0,1.0,0.0,2018-02-02 09:16:02+00:00
nytimes,"RT @RorySmith: And just because I‚Äôm a glutton for punishment, this is a piece on transfer culture, and why Tuesday and Wednesday - and Arse‚Ä¶",0.0,0.132,0.868,-0.4939,2018-02-02 09:31:05+00:00
CNN,"All of the more than 900 miners trapped in a South African gold mine have been rescued, officials say https://t.co/MGAkJH0dd8",0.121,0.147,0.733,-0.1531,2018-02-02 09:37:15+00:00
CNN,Calais remains home to hundreds of migrants despite the closure of the infamous Jungle camp in October 2016 https://t.co/0rv39KVdL8,0.0,0.0,1.0,0.0,2018-02-02 09:44:55+00:00
nytimes,"Lactalis has recalled more than 7,000 tons of potentially contaminated infant formula from more than 80 countries.‚Ä¶ https://t.co/ZaK5cB5DKw",0.0,0.0,1.0,0.0,2018-02-02 09:45:05+00:00
CNN,"Speaker after speaker came forward, some in tears, recalling being sexually assaulted and unable to find help https://t.co/zJtrsvDCdd",0.117,0.23,0.652,-0.3818,2018-02-02 09:52:35+00:00
nytimes,"RT @nytimesworld: Darren Osborne, convicted of murder in a London mosque attack, had been bingeing for weeks on far-right material and ‚Äúsee‚Ä¶",0.0,0.291,0.709,-0.8316,2018-02-02 10:00:05+00:00
CNN,"For years, he's been urging people to stay in Afghanistan. Not anymore. https://t.co/IVsipIr4TT https://t.co/Js0DCHFdVr",0.0,0.0,1.0,0.0,2018-02-02 10:01:46+00:00
CNN,"So far, 2018 has been 2017 on steroids | Analysis by @CillizzaCNN  https://t.co/ODLR3SCbDC https://t.co/vcQ9OB0DLY",0.0,0.0,1.0,0.0,2018-02-02 10:12:31+00:00
nytimes,"Security is a top concern at every Olympics, but rarely do they take place in the shadow of a nuclear standoff https://t.co/rHomukJiUU",0.147,0.0,0.853,0.2732,2018-02-02 10:16:05+00:00
CNN,"Animal rights activists celebrated the move, but some scientists are concerned about what it means for the future o‚Ä¶ https://t.co/rOUK8pbIM8",0.11,0.0,0.89,0.3291,2018-02-02 10:24:05+00:00
BBCWorld,Ninety migrants feared drowned off Libya https://t.co/M096phemLF,0.0,0.587,0.413,-0.7964,2018-02-02 10:24:26+00:00
nytimes,"What if your employer made you wear a wristband that tracked your every move, and that even nudged you when it judg‚Ä¶ https://t.co/0jYdbDh1uo",0.0,0.0,1.0,0.0,2018-02-02 10:31:10+00:00
CNN,Mid-century modern + Palm Springs = glamour redefined https://t.co/jUQHHSTHvJ via @CNNstyle https://t.co/fYvqzzuzz6,0.274,0.0,0.726,0.5267,2018-02-02 10:36:15+00:00
BBCWorld,"RT @BBCNewsbeat: Grammy awards boss apologises for saying women need to ""step up""
https://t.co/9tCvSphhIL https://t.co/5wRNUpHkD9",0.27,0.0,0.73,0.5859,2018-02-02 10:36:26+00:00
nytimes,"Our film critics, looking at the complex history of black filmmaking in America, chose 28 essential works. We‚Äôll be‚Ä¶ https://t.co/MDKY3T2wBH",0.0,0.104,0.896,-0.296,2018-02-02 10:45:09+00:00
CNN,"Pregnant women still face workplace discrimination, despite legal protections https://t.co/iSvg8ccZrg",0.0,0.132,0.868,-0.0951,2018-02-02 10:48:48+00:00
BBCWorld,Jim Carrey won't face a civil trial over Cathriona White's death https://t.co/4lVtPsqNN7,0.0,0.281,0.719,-0.5994,2018-02-02 10:56:44+00:00
BBCWorld,New Zealand gannet 'no mates Nigel' dies alongside fake partner https://t.co/XKp08S96SC,0.0,0.371,0.629,-0.6486,2018-02-02 10:56:44+00:00
nytimes,"The borrowing limit will most likely need to be raised in early March after the ""extraordinary measures"" to extend‚Ä¶ https://t.co/e7vEP796My",0.0,0.0,1.0,0.0,2018-02-02 11:00:35+00:00
CNN,23 pieces of Super Bowl trivia that are actually fascinating (even if you don't care about the Super Bowl)‚Ä¶ https://t.co/x2smXB3TRc,0.378,0.088,0.535,0.8648,2018-02-02 11:01:35+00:00
BBCWorld,"RT @bbcthree: The woman who photobombed Beyonce: 'I think it's hysterical'
https://t.co/9eRMjr0Y0Y https://t.co/ASpjuOxiu0",0.0,0.084,0.916,-0.0258,2018-02-02 11:05:16+00:00
CNN,"Russia is warning its citizens that US intelligence services are on a ""hunt"" to detain Russian citizens traveling a‚Ä¶ https://t.co/iZNrzBhvsw",0.128,0.214,0.658,-0.2732,2018-02-02 11:10:35+00:00
BBCWorld,"""Everybody's out"" 

All 955 workers trapped in South African gold mine are safely brought back to the surface‚Ä¶ https://t.co/7s2zpjBuWQ",0.136,0.144,0.72,-0.0516,2018-02-02 11:13:30+00:00
nytimes,"The boy had been found crying in a market in a refugee camp. Obviously, something bad had happened to him, but to t‚Ä¶ https://t.co/jK5gGKMYlM",0.0,0.177,0.823,-0.5106,2018-02-02 11:15:05+00:00
CNN,"The government ordered three major private channels pulled from air Tuesday over coverage of a symbolic ""swearing-i‚Ä¶ https://t.co/7vn9aXWwVS",0.0,0.0,1.0,0.0,2018-02-02 11:16:06+00:00
BBCWorld,Meghan Markle laughs off awards ceremony mix-up https://t.co/Vkwxuuj7Rx,0.508,0.0,0.492,0.7351,2018-02-02 11:22:29+00:00
CNN,"Would you pay $6 for one banana? These have an edible peel, and they're meant to be softer and sweeter‚Ä¶ https://t.co/9ieA9tqE2m",0.0,0.065,0.935,-0.1027,2018-02-02 11:27:44+00:00
nytimes,Morning¬†Briefing: Here's what you need to know to start your day https://t.co/VS3SqiOPjZ https://t.co/x15x7ymQmC,0.0,0.0,1.0,0.0,2018-02-02 11:30:15+00:00
BBCWorld,International Criminal Court judges consider Afghanistan war crimes inquiry https://t.co/3XS3dKpzZM,0.0,0.477,0.523,-0.8074,2018-02-02 11:34:13+00:00
BBCWorld,Kiribati ferry disaster: Islands mourn 81 presumed victims https://t.co/JCgCstSKSL,0.0,0.605,0.395,-0.8481,2018-02-02 11:34:13+00:00
CNN,"Once a year, the Sistine Chapel gets a cleaning and check-up. It takes a whole month https://t.co/tEBzK1jIeE https://t.co/LPsAFzGCRz",0.0,0.0,1.0,0.0,2018-02-02 11:35:38+00:00
CNN,"Pizza shop workers took down an armed robber -- but when police took off his mask, they discovered he was their old‚Ä¶ https://t.co/P6GwvoajW9",0.0,0.095,0.905,-0.3182,2018-02-02 11:40:43+00:00
nytimes,Fidel √Ångel Castro D√≠az-Balart played a prominent role in efforts to develop nuclear energy in Cuba https://t.co/tmFZIzDsey,0.343,0.0,0.657,0.7003,2018-02-02 11:44:03+00:00
CNN,"JUST IN: Two French army helicopters have collided, killing five https://t.co/ZVOz6tHQ0v https://t.co/6xdvUlcD5S",0.0,0.286,0.714,-0.6597,2018-02-02 11:53:57+00:00
BBCWorld,"RT @BBCtrending: ‚óæ ""Crisis actors""
‚óæ The ""deep state"" 
‚óæ ""False flag"" attacks

The people who think mass shootings are staged https://t.co/‚Ä¶",0.0,0.292,0.708,-0.7906,2018-02-02 11:55:37+00:00
nytimes,"Trump's eagerness to see the GOP memo made public pitted him against his own top national security officials, who h‚Ä¶ https://t.co/3pB8r9aphX",0.277,0.0,0.723,0.7096,2018-02-02 12:00:34+00:00
CNN,"The onset of Alzheimer's can come as early as 30 years before the patient experiences any symptoms, so tests for ea‚Ä¶ https://t.co/LBG1LKAYBK",0.0,0.0,1.0,0.0,2018-02-02 12:07:42+00:00
nytimes,A conversation with Scott Pruitt https://t.co/tKiyfriCyh,0.0,0.0,1.0,0.0,2018-02-02 12:10:05+00:00
BBCWorld,"RT @BBC_HaveYourSay: Thanks @AlastairMcA30 for sharing these wise words from terminally ill children in your care: 'Be kind, read books, la‚Ä¶",0.464,0.084,0.452,0.9118,2018-02-02 12:14:12+00:00
nytimes,Opinion: Trump is running a bottom-line presidency in which people who know better are asked to stay quiet in excha‚Ä¶ https://t.co/EafqNsTXQh,0.132,0.0,0.868,0.4404,2018-02-02 12:20:04+00:00
CNN,"In a tweet, President Trump accuses FBI and DOJ leaders of favoring Democrats ahead of memo release‚Ä¶ https://t.co/Dvv0MdKwER",0.139,0.119,0.743,0.1027,2018-02-02 12:21:24+00:00
nytimes,"The London mosque attacker had been bingeing for weeks on far-right material and ""seemed brainwashed,"" his girlfrie‚Ä¶ https://t.co/E3CLMPUOFh",0.0,0.179,0.821,-0.5719,2018-02-02 12:29:04+00:00
nytimes,"President Trump accused law enforcement of politicizing investigations, hours before he was expected to allow the r‚Ä¶ https://t.co/3FxckC2Xhc",0.095,0.109,0.796,-0.0772,2018-02-02 12:31:00+00:00
CNN,"Speaker after speaker came forward, some in tears, recalling being sexually assaulted and unable to find help https://t.co/zQIGEqbYEw",0.117,0.23,0.652,-0.3818,2018-02-02 12:35:33+00:00
nytimes,The board of the Humane Society decided to retain its CEO despite an investigation that has uncovered multiple hara‚Ä¶ https://t.co/lpMhIxwuTy,0.0,0.0,1.0,0.0,2018-02-02 12:40:07+00:00
BBCWorld,RT @BBCBusiness: Bitcoin set for worst week since 2013 https://t.co/JY3BFPA7w5,0.0,0.313,0.687,-0.6249,2018-02-02 12:48:29+00:00
nytimes,The White House has grown frustrated by what it considers the Pentagon's reluctance to provide President Trump with‚Ä¶ https://t.co/CGYVkXjthq,0.0,0.254,0.746,-0.7003,2018-02-02 12:49:08+00:00
CNN,A French dairy producer has admitted that the company may have been producing contaminated infant milk powder for w‚Ä¶ https://t.co/NjVu7DX8d5,0.072,0.0,0.928,0.1027,2018-02-02 12:49:27+00:00
CNN,Punxsutawney Phil saw his shadow this morning -- welcome to six more weeks of winter https://t.co/gVCRcXjKiu https://t.co/0ABKLpV3Fs,0.158,0.0,0.842,0.4588,2018-02-02 12:55:08+00:00
nytimes,Morning¬†Briefing: Here's what you need to know to start your day https://t.co/oDTp0MoSzS https://t.co/6AyejpbtdL,0.0,0.0,1.0,0.0,2018-02-02 13:00:23+00:00
CNN,"Former Director of National Intelligence James Clapper calls Republicans' push to release Nunes memo a ""blatant pol‚Ä¶ https://t.co/Cxgqq2ajNq",0.162,0.0,0.838,0.4767,2018-02-02 13:08:49+00:00
nytimes,"Devin Nunes, the man behind a secret Republican memo, has won praise from party members he once called ""lemmings in‚Ä¶ https://t.co/DXlHhn4W7K",0.37,0.0,0.63,0.875,2018-02-02 13:11:02+00:00
nytimes,"A Wisconsin teenager in the ""Slender Man"" stabbing case was sentenced to 40 years in a psychiatric hospital https://t.co/qQ7FEKRGT6",0.0,0.064,0.936,-0.0258,2018-02-02 13:20:10+00:00
CNN,"The onset of Alzheimer's can come as early as 30 years before the patient experiences any symptoms, so tests for ea‚Ä¶ https://t.co/L8dp3Zh5mP",0.0,0.0,1.0,0.0,2018-02-02 13:23:35+00:00
BBCWorld,Sprawling Mayan network discovered under Guatemala jungle https://t.co/3UbvOonFce,0.0,0.0,1.0,0.0,2018-02-02 13:26:17+00:00
nytimes,"Jimmy Kimmel attacked Devin Nunes, a key figure in the release of the secret GOP memo. Our late-night roundup: https://t.co/TmGN2rcoa1",0.0,0.143,0.857,-0.4588,2018-02-02 13:30:18+00:00
BBCWorld,"RT @BBC_HaveYourSay: Some South Koreans are snubbing the 2018 Winter Olympics, inspired by a YouTube song https://t.co/XYdAfRq560",0.168,0.099,0.733,0.3182,2018-02-02 13:30:28+00:00
nytimes,"Breaking News: The U.S. economy added 200,000 jobs in January. It was the 88th straight month that hiring increased‚Ä¶ https://t.co/ZAYyZIHcVO",0.091,0.0,0.909,0.2263,2018-02-02 13:36:54+00:00
CNN,Man sentenced to life for attack near London's Finsbury Park Mosque https://t.co/h77zdFmvGM,0.0,0.296,0.704,-0.4939,2018-02-02 13:37:17+00:00
nytimes,Do hangovers get worse as we age? https://t.co/MSdnwwqK6M,0.0,0.307,0.693,-0.4767,2018-02-02 13:40:05+00:00
nytimes,"A trucker intentionally drove his tractor-trailer off a roadway that runs through a 2,000-year-old United Nations W‚Ä¶ https://t.co/OjCpF1OWcy",0.167,0.0,0.833,0.4215,2018-02-02 13:50:06+00:00
CNN,Iranian police have arrested 29 people for their involvement in protests against the country's compulsory headscarf‚Ä¶ https://t.co/bgwKitQqAF,0.0,0.25,0.75,-0.6124,2018-02-02 13:51:13+00:00
BBCWorld,"Stunning time-lapse pictures show Guatemala's Volcan de Fuego erupting.

The volcano sent ash over a mile into the‚Ä¶ https://t.co/3inRr07tw6",0.133,0.0,0.867,0.3818,2018-02-02 13:54:53+00:00
nytimes,"Nearly 50 people suspected of using and selling drugs were killed by officers in the past 2 months, the Philippine‚Ä¶ https://t.co/HXpB5hnnzt",0.0,0.262,0.738,-0.7506,2018-02-02 14:00:17+00:00
BBCWorld,India principal 'puts students through trial by fire' https://t.co/gtba191PRe,0.0,0.231,0.769,-0.34,2018-02-02 14:03:29+00:00
CNN,At least 90 migrants are believed to have died after their boat sank off the coast of Libya https://t.co/MHCT8E6LJm,0.0,0.167,0.833,-0.5574,2018-02-02 14:06:40+00:00
BBCWorld,RT @bbcthree: Katie went from being a cheerleader to becoming one of the world's most recognisable freerunners. https://t.co/qs0PefQ1S3,0.106,0.0,0.894,0.2263,2018-02-02 14:12:44+00:00
BBCWorld,RT @bbcthree: Katie went from being a cheerleader to becoming one of the world's most recognisable freerunners. https://t.co/qs0PefQ1S3,0.106,0.0,0.894,0.2263,2018-02-02 14:12:44+00:00
nytimes,"RT @HannaIngber: An inside look at how journalists try to make sense of jobs day, by @bencasselman https://t.co/5Z26HQ9ICH",0.0,0.0,1.0,0.0,2018-02-02 14:16:01+00:00
nytimes,"Last month it seemed that Democrats might ride a giant tsunami to control of the House and Senate. Now, some are wo‚Ä¶ https://t.co/9e6iUvA3TD",0.0,0.0,1.0,0.0,2018-02-02 14:16:05+00:00
CNN,JUST IN: Father of three daughters who were all assaulted by Larry Nassar tries to tackle the disgraced doctor in c‚Ä¶ https://t.co/NZyAkdIOyx,0.0,0.242,0.758,-0.7506,2018-02-02 14:25:35+00:00
BBCWorld,Victim's father lunges at disgraced doctor https://t.co/JwgK38uaDd,0.0,0.333,0.667,-0.4588,2018-02-02 14:27:23+00:00
BBCWorld,Victim's father lunges at disgraced doctor https://t.co/JwgK38uaDd,0.0,0.333,0.667,-0.4588,2018-02-02 14:27:23+00:00
nytimes,"Video: What is a ""bloody nose"" strategy in North Korea? https://t.co/GhSxeXcnoH",0.0,0.244,0.756,-0.4404,2018-02-02 14:31:04+00:00
nytimes,"The Simpsons predicted the Trump presidency, the discovery of the Higgs boson particle and Disney‚Äôs takeover of Fox https://t.co/EK5ocLTOyz",0.0,0.0,1.0,0.0,2018-02-02 14:40:08+00:00
BBCWorld,"RT @BBCNews: Princess Eugenie will marry Jack Brooksbank on October 12 at St George's Chapel, Windsor Castle, her father Prince Andrew says‚Ä¶",0.0,0.0,1.0,0.0,2018-02-02 14:41:23+00:00
BBCWorld,"RT @BBCNews: Princess Eugenie will marry Jack Brooksbank on October 12 at St George's Chapel, Windsor Castle, her father Prince Andrew says‚Ä¶",0.0,0.0,1.0,0.0,2018-02-02 14:41:23+00:00
nytimes,"""For probably, say, five minutes in actual, real time, I thought I was going to be a Super Bowl champion. And then,‚Ä¶ https://t.co/nYWf9y4cSw",0.302,0.0,0.698,0.8316,2018-02-02 14:49:04+00:00
nytimes,Morning¬†Briefing: Here's what you need to know to start your day https://t.co/89lgwl53d1 https://t.co/AGSKJqLiM4,0.0,0.0,1.0,0.0,2018-02-02 15:00:28+00:00
CNN,The tax cut is a $6 billion gift to Exxon https://t.co/02J48z2JwN,0.223,0.162,0.615,0.2023,2018-02-02 15:02:38+00:00
nytimes,"RT @matthewhaag: ‚ÄúWe‚Äôd have no C.E.O.s and no executives of American companies if none of them had affairs,‚Äù Humane Society board member sa‚Ä¶",0.0,0.173,0.827,-0.5267,2018-02-02 15:08:54+00:00
nytimes,"The second line of Canada's anthem will soon become ""True patriot love in all of us command"" rather than ""in all th‚Ä¶ https://t.co/RjreK5q3Lu",0.25,0.0,0.75,0.7906,2018-02-02 15:10:03+00:00
CNN,Why a high school that's just 5% black is raising the Black Lives Matter flag https://t.co/PUuxH963S6 https://t.co/S8uB7iwpTn,0.068,0.0,0.932,0.0258,2018-02-02 15:11:24+00:00
BBCWorld,Father whose daughters were abused by disgraced US gymnastics doctor Larry Nassar tries to attack him in Michigan c‚Ä¶ https://t.co/rqUv3iq7ya,0.0,0.356,0.644,-0.8555,2018-02-02 15:16:19+00:00
BBCWorld,Father whose daughters were abused by disgraced US gymnastics doctor Larry Nassar tries to attack him in Michigan c‚Ä¶ https://t.co/rqUv3iq7ya,0.0,0.356,0.644,-0.8555,2018-02-02 15:16:19+00:00
nytimes,"A bill in Poland sets prison penalties for using phrases like ""Polish death camps"" to refer to concentration camps‚Ä¶ https://t.co/iivhPvXqlt",0.097,0.28,0.623,-0.6908,2018-02-02 15:20:11+00:00
CNN,Punxsutawney Phil saw his shadow this morning -- welcome to six more weeks of winter https://t.co/9oSp0rhizm https://t.co/PwgzpYaMuK,0.158,0.0,0.842,0.4588,2018-02-02 15:22:40+00:00
nytimes,Opinion: Don't believe the liberal FBI https://t.co/7dDPM6wA6L,0.0,0.0,1.0,0.0,2018-02-02 15:30:20+00:00
CNN,'Black Panther' is outselling every previous superhero film in advance ticket sales https://t.co/OM77wOHNY2 https://t.co/6LXZjN2i0A,0.0,0.0,1.0,0.0,2018-02-02 15:34:09+00:00
BBCWorld,"It's #GroundhogDay  

Punxsutawney Phil has made his prediction, so will it be a long winter or is warmer weather j‚Ä¶ https://t.co/BwFmiLaPOT",0.104,0.0,0.896,0.296,2018-02-02 15:39:24+00:00
BBCWorld,"It's #GroundhogDay  

Punxsutawney Phil has made his prediction, so will it be a long winter or is warmer weather j‚Ä¶ https://t.co/BwFmiLaPOT",0.104,0.0,0.896,0.296,2018-02-02 15:39:24+00:00
FoxNews,Media‚Äôs longtime crusade for transparency ends with Nunes memo as ‚ÄòThe Post‚Äô remains in theaters https://t.co/NgAdAH7S3a,0.0,0.0,1.0,0.0,2018-02-02 15:40:46+00:00
nytimes,"RT @LizAldermanNYT: ""My baby almost died."" How did corporate lapses and lax oversight allow hundreds of babies to get sick in France from s‚Ä¶",0.07,0.121,0.809,-0.34,2018-02-02 15:44:05+00:00
FoxNews,Larry Nassar almost attacked by victim's father in dramatic courtroom scene https://t.co/urqqWTYDjB,0.0,0.197,0.803,-0.4033,2018-02-02 15:45:12+00:00
CNN,Secretary of Defense James Mattis warns the Syrian regime against the use of chemical weapons‚Ä¶ https://t.co/PoQkIE95Yc,0.089,0.083,0.828,0.0258,2018-02-02 15:45:13+00:00
FoxNews,"CEO Donna Mincey: ""We have 300 employees and we're giving $1,000 bonuses to the people who've been there 10 years o‚Ä¶ https://t.co/su33cKtBp5",0.231,0.0,0.769,0.7184,2018-02-02 15:45:26+00:00
FoxNews,".@McCormackJohn: ""@HillaryClinton's 'Deplorables' line was insulting basically 25% of all voters as being racist or‚Ä¶ https://t.co/acM2AJAWr0",0.0,0.34,0.66,-0.802,2018-02-02 15:50:08+00:00
FoxNews,Poll: 55% say @POTUS legislative agenda is successful. https://t.co/MXgJ3pUblK,0.322,0.0,0.678,0.5859,2018-02-02 15:53:32+00:00
FoxNews,Poll: 2018 Congressional ballot. https://t.co/DqgsTo7QeB,0.0,0.0,1.0,0.0,2018-02-02 15:54:04+00:00
CNN,Former first lady Michelle Obama is poised to make her first major speech since leaving office today https://t.co/wdwKC5zRW8,0.105,0.0,0.895,0.25,2018-02-02 15:55:03+00:00
BBCWorld,Maldives ex-leader Mohamed Nasheed to contest elections https://t.co/g9r9tmznex,0.0,0.0,1.0,0.0,2018-02-02 15:58:48+00:00
BBCWorld,Maldives ex-leader Mohamed Nasheed to contest elections https://t.co/g9r9tmznex,0.0,0.0,1.0,0.0,2018-02-02 15:58:48+00:00
BBCWorld,"RT @BBCAfrica: Room in the tomb? ‚ö∞

Archaeologists in Egypt are searching for a hidden chamber in Tutankhamun‚Äôs burial site.

https://t.co/‚Ä¶",0.0,0.0,1.0,0.0,2018-02-02 16:00:23+00:00
BBCWorld,"RT @BBCAfrica: Room in the tomb? ‚ö∞

Archaeologists in Egypt are searching for a hidden chamber in Tutankhamun‚Äôs burial site.

https://t.co/‚Ä¶",0.0,0.0,1.0,0.0,2018-02-02 16:00:23+00:00
FoxNews,Puppy Bowl to feature animals rescued from areas impacted by hurricanes https://t.co/qarvak35C5,0.203,0.0,0.797,0.4215,2018-02-02 16:00:46+00:00
FoxNews,Cousin of murdered Canadian billionaire says he fantasized about decapitating him https://t.co/w8fxlZOVaO,0.0,0.286,0.714,-0.6597,2018-02-02 16:01:24+00:00
nytimes,A father of 2 women who spoke at the sentencing hearing of Larry Nassar lunged at him across a courtroom https://t.co/od7aeIgf5k,0.0,0.086,0.914,-0.1531,2018-02-02 16:03:09+00:00
FoxNews,"RT @FoxBusiness: .@cherylcasone and @JackBrewerBSI are at the Super Bowl Experience in Minneapolis, which includes a towed sleigh ride. htt‚Ä¶",0.178,0.0,0.822,0.5994,2018-02-02 16:05:20+00:00
FoxNews,"TRIBUTE TO HEROES: Military veteran amputee athletes and former @NFL players participated in the annual ""Tribute to‚Ä¶ https://t.co/Y6ChN0a6I3",0.192,0.0,0.808,0.6166,2018-02-02 16:05:40+00:00
FoxNews,Happening Now: Awaiting expected release of GOP memo; @johnrobertsFox reports. https://t.co/GhKHr1mpOZ https://t.co/QjJpxvd6GA,0.0,0.0,1.0,0.0,2018-02-02 16:08:38+00:00
BBCWorld,South Sudan: US bans arms sales and urges others to follow https://t.co/ivCYuUHBTI,0.0,0.0,1.0,0.0,2018-02-02 16:12:43+00:00
BBCWorld,South Sudan: US bans arms sales and urges others to follow https://t.co/ivCYuUHBTI,0.0,0.0,1.0,0.0,2018-02-02 16:12:43+00:00
nytimes,"RT @nytimesworld: The Interpreter: Six scenarios for the future of Afghanistan, and all of them admitting a form of defeat https://t.co/wh8‚Ä¶",0.0,0.136,0.864,-0.4588,2018-02-02 16:13:04+00:00
FoxNews,".@jasoninthehouse: ""I find it curious that the @FBI is saying 'Please, don't release the names...' We don't want to‚Ä¶ https://t.co/Qbu9oXehYh",0.107,0.057,0.836,0.2681,2018-02-02 16:14:01+00:00
FoxNews,.@POTUS Compares @NancyPelosi's 'Crumbs' Remark to @HillaryClinton's 'Deplorables' Insult https://t.co/S2JhnTmaEi https://t.co/9siyj2wHK3,0.0,0.248,0.752,-0.5106,2018-02-02 16:16:01+00:00
CNN,Amazon's idea for employee-tracking wearables raises concerns https://t.co/BJHHU22EP4 https://t.co/8iQAz7ltGp,0.0,0.0,1.0,0.0,2018-02-02 16:21:02+00:00
FoxNews,"Teacher singled out black students, stepped on them during slavery lesson, report says https://t.co/JSoFXCWWCI",0.0,0.27,0.73,-0.7003,2018-02-02 16:23:53+00:00
FoxNews,"Disabled @USArmy veteran's service dog found shot in head, dumped near railroad tracks https://t.co/qaOcfk2rYU",0.0,0.172,0.828,-0.4019,2018-02-02 16:26:12+00:00
FoxNews,"On #Hannity last night, @jasoninthehouse discussed the @FBI's reaction to the impending release of the FISA memo.‚Ä¶ https://t.co/xxcsBzIDCh",0.0,0.0,1.0,0.0,2018-02-02 16:29:05+00:00
CNN,"16 more children have died from the flu, bringing the total number of pediatric flu-related deaths to 53 for the se‚Ä¶ https://t.co/L7GHB8zxrD",0.049,0.242,0.71,-0.7322,2018-02-02 16:32:31+00:00
BBCWorld,"RT @BBCNews: Are we stuck with plastic drinking straws?

A leading manufacturer says greener alternatives are too costly

https://t.co/bvxe‚Ä¶",0.0,0.175,0.825,-0.34,2018-02-02 16:34:30+00:00
BBCWorld,"RT @BBCNews: Are we stuck with plastic drinking straws?

A leading manufacturer says greener alternatives are too costly

https://t.co/bvxe‚Ä¶",0.0,0.175,0.825,-0.34,2018-02-02 16:34:30+00:00
FoxNews,".@POTUS, yesterday: ""@OrrinHatch... once said I'm the greatest President in the history of our country. And I said,‚Ä¶ https://t.co/0gNur3P3rl",0.198,0.0,0.802,0.6369,2018-02-02 16:35:06+00:00
nytimes,You can afford a financial planner for about the price of a bundled cable bill https://t.co/bRPPOG3ywT,0.0,0.0,1.0,0.0,2018-02-02 16:38:03+00:00
BBCWorld,Victims' father attacks Larry Nassar in courtroom https://t.co/uEVSiZnApe,0.0,0.464,0.536,-0.6369,2018-02-02 16:39:17+00:00
BBCWorld,Victims' father attacks Larry Nassar in courtroom https://t.co/uEVSiZnApe,0.0,0.464,0.536,-0.6369,2018-02-02 16:39:17+00:00
FoxNews,"Trump blasts 'politicized' FBI, Justice, as expected release of damning memo nears https://t.co/zCRGahckRJ",0.202,0.143,0.655,0.25,2018-02-02 16:42:22+00:00
FoxNews,".@NancyPelosi: ""It's a bogus memo. It's not based on fact."" https://t.co/tdXiIGDNNv https://t.co/8QfI38gHMq",0.0,0.0,1.0,0.0,2018-02-02 16:43:17+00:00
FoxNews,".@RandPaul: ""The American public needs to see this [memo] because we need to know was an entire investigation of a‚Ä¶ https://t.co/XiJEoIeBDH",0.0,0.0,1.0,0.0,2018-02-02 16:43:58+00:00
CNN,Rotten Tomatoes condemns plan to flood 'Black Panther' with negative reviews https://t.co/kkdDmAypBZ https://t.co/gqpT9H5AEk,0.0,0.507,0.493,-0.8834,2018-02-02 16:44:14+00:00
FoxNews,".@Comey rips 'weasels and liars,' invokes Joe McCarthy in Twitter rant https://t.co/p16pVeFSBS https://t.co/OnQTLx4K5W",0.0,0.167,0.833,-0.34,2018-02-02 16:44:17+00:00
BBCWorld,Ballet dancer playing Romeo proposes to real-life Juliet https://t.co/wGsU95oEkf,0.184,0.0,0.816,0.2023,2018-02-02 16:48:52+00:00
BBCWorld,Ballet dancer playing Romeo proposes to real-life Juliet https://t.co/wGsU95oEkf,0.184,0.0,0.816,0.2023,2018-02-02 16:48:52+00:00
nytimes,"We answer your questions about applying for The Edit, a newsletter created specifically for college students and re‚Ä¶ https://t.co/Pq7THOg12Z",0.105,0.0,0.895,0.25,2018-02-02 16:53:05+00:00
CNN,"BREAKING: President Trump has authorized the release of a controversial Republican memo, and has sent word to the H‚Ä¶ https://t.co/KC22jPsug3",0.0,0.091,0.909,-0.2023,2018-02-02 16:55:04+00:00
nytimes,"RT @NYTHealth: Flu hospitalizations have soared, the C.D.C. reports, and the death rate may surpass the 2014-2015 season when 56,000 people‚Ä¶",0.0,0.255,0.745,-0.7579,2018-02-02 17:00:47+00:00
FoxNews,BREAKING NEWS: House memo states disputed dossier was key to @FBI‚Äôs FISA warrant to surveil members of Team Trump‚Ä¶ https://t.co/yN0I7QuyB9,0.0,0.112,0.888,-0.34,2018-02-02 17:02:33+00:00
CNN,"Father of three daughters who were all assaulted by Larry Nassar tries to tackle the disgraced doctor in court, aft‚Ä¶ https://t.co/8t2t0T15Ck",0.0,0.252,0.748,-0.7506,2018-02-02 17:04:03+00:00
FoxNews,".@POTUS, moments ago: ""I think it's terrible... I think it's a disgrace, what's going on in this country... The mem‚Ä¶ https://t.co/kGY9lM1ZoD",0.0,0.151,0.849,-0.4939,2018-02-02 17:04:40+00:00
FoxNews,".@POTUS, moments ago: ""A lot of people should be ashamed of themselves and much worse than that.""‚Ä¶ https://t.co/GXBS7PsfbI",0.0,0.279,0.721,-0.7351,2018-02-02 17:05:08+00:00
FoxNews,BREAKING NEWS: House memo states disputed dossier was key to @FBI‚Äôs FISA warrant to surveil members of Team Trump‚Ä¶ https://t.co/NlGR9ZhgcD,0.0,0.112,0.888,-0.34,2018-02-02 17:06:34+00:00
nytimes,"The New York Times is about to expand our journalism so you can experience it in 3 dimensions, just by picking up y‚Ä¶ https://t.co/0vKzJUYzGa",0.095,0.0,0.905,0.3182,2018-02-02 17:08:23+00:00
BBCWorld,Trump approves release of disputed memo https://t.co/F0pWbiiQAg,0.267,0.238,0.495,0.0772,2018-02-02 17:08:53+00:00
BBCWorld,Trump approves release of disputed memo https://t.co/F0pWbiiQAg,0.267,0.238,0.495,0.0772,2018-02-02 17:08:53+00:00
FoxNews,"BREAKING: @POTUS, moments ago: ""A lot of people should be ashamed of themselves and much worse than that.""‚Ä¶ https://t.co/wldOG3d0wH",0.0,0.267,0.733,-0.7351,2018-02-02 17:11:10+00:00
CNN,"RT @CNNPolitics: President Trump implies the Nunes memo exposes bias in the FBI: ""I think it's a disgrace ... a lot of people should be ash‚Ä¶",0.0,0.225,0.775,-0.6249,2018-02-02 17:13:34+00:00
BBCWorld,Syrian refugee child survives being abandoned in blizzard https://t.co/IXnrx1sXS3,0.0,0.273,0.727,-0.4588,2018-02-02 17:15:22+00:00
BBCWorld,Syrian refugee child survives being abandoned in blizzard https://t.co/IXnrx1sXS3,0.0,0.273,0.727,-0.4588,2018-02-02 17:15:22+00:00
FoxNews,.@POTUS on newly declassified GOP memo: A lot of people should be ashamed of themselves. #MemoDay‚Ä¶ https://t.co/wztPxsBc7t,0.0,0.171,0.829,-0.4767,2018-02-02 17:15:47+00:00
nytimes,Breaking News: House Republicans released a secret memo claiming abuses against President Trump in the Russia inqui‚Ä¶ https://t.co/Ip4aRiIOLS,0.0,0.184,0.816,-0.5574,2018-02-02 17:17:46+00:00
BBCWorld,"President Trump releases a secret memo, despite the FBI voicing ""grave concerns"" about its accuracy

Live updates: https://t.co/UiyjuSw1Ew",0.0,0.14,0.86,-0.3818,2018-02-02 17:19:27+00:00
BBCWorld,"President Trump releases a secret memo, despite the FBI voicing ""grave concerns"" about its accuracy

Live updates: https://t.co/UiyjuSw1Ew",0.0,0.14,0.86,-0.3818,2018-02-02 17:19:27+00:00
nytimes,The memo alleges that senior government officials favored Democrats over Republicans and accuses federal law enforc‚Ä¶ https://t.co/VEgZItK9xf,0.139,0.119,0.743,0.1027,2018-02-02 17:20:07+00:00
CBS,Go backstage with the celebs and see which stars celebrated the big night together! Here are the moments you missed‚Ä¶ https://t.co/rgQTXRQyLg,0.166,0.0,0.834,0.6114,2018-02-02 17:23:18+00:00
CBS,Go backstage with the celebs and see which stars celebrated the big night together! Here are the moments you missed‚Ä¶ https://t.co/rgQTXRQyLg,0.166,0.0,0.834,0.6114,2018-02-02 17:23:18+00:00
FoxNews,"Excerpt from @DevinNunes Memo: ""Steele admitted to Ohr his feelings against then Candidate Trump, in September of 2‚Ä¶ https://t.co/H9cWp6nTeW",0.072,0.0,0.928,0.1027,2018-02-02 17:23:23+00:00
FoxNews,READ: The full @DevinNunes memo. #MemoDay https://t.co/5v5qfh17vS https://t.co/V5zbyWiAtZ,0.0,0.0,1.0,0.0,2018-02-02 17:28:57+00:00
BBCWorld,RT @BBCScienceNews: Mayan surprise https://t.co/0hVBqWXJpd,0.344,0.0,0.656,0.2732,2018-02-02 17:32:18+00:00
BBCWorld,RT @BBCScienceNews: Mayan surprise https://t.co/0hVBqWXJpd,0.344,0.0,0.656,0.2732,2018-02-02 17:32:18+00:00
CNN,RT @CNNPolitics: The disputed GOP-Nunes intelligence memo has been released https://t.co/2lfCtvinda https://t.co/COpYwRIWUY,0.2,0.155,0.645,0.1779,2018-02-02 17:34:22+00:00
FoxNews,READ: The full House Intelligence Committee Report On FISA Abuses. https://t.co/5v5qfh17vS https://t.co/ysJbr71O1i,0.186,0.216,0.599,-0.128,2018-02-02 17:35:31+00:00
nytimes,"Here's how to experiment with augmented reality now
https://t.co/CNxYxZOwa0",0.0,0.0,1.0,0.0,2018-02-02 17:36:43+00:00
FoxNews,"#Memo: ""Steele admitted to Ohr his feelings against then Candidate Trump, in September of 2016, when Steele told Oh‚Ä¶ https://t.co/gpgCNuEQ87",0.069,0.0,0.931,0.1027,2018-02-02 17:38:07+00:00
nytimes,"Our film critics, looking at the complex history of black filmmaking in America, chose 28 essential works. Consider‚Ä¶ https://t.co/dX1ajrKxqP",0.0,0.109,0.891,-0.296,2018-02-02 17:42:08+00:00
FoxNews,.@DevinNunes #memo: @YahooNews article cited for FISA application does not corroborate Steele dossier; material and‚Ä¶ https://t.co/XiiaqpdC4s,0.0,0.0,1.0,0.0,2018-02-02 17:45:05+00:00
BBCWorld,"Here's what the FBI has to say about the release of the secret #memo

https://t.co/s48OG2YX2l",0.0,0.0,1.0,0.0,2018-02-02 17:46:04+00:00
BBCWorld,"Here's what the FBI has to say about the release of the secret #memo

https://t.co/s48OG2YX2l",0.0,0.0,1.0,0.0,2018-02-02 17:46:04+00:00
FoxNews,".@MelissaAFrancis: ""They used something they knew was fake to get a warrant. Everybody involved in that needs to fa‚Ä¶ https://t.co/IjIdCBD67w",0.0,0.147,0.853,-0.4767,2018-02-02 17:48:46+00:00
CNN,JUST IN: Read the highly controversial Republican memo alleging FBI abuses https://t.co/IgTANrS0BR,0.0,0.363,0.637,-0.6901,2018-02-02 17:49:19+00:00
CNN,JUST IN: Read the highly controversial Republican memo alleging FBI abuses https://t.co/IgTANrS0BR,0.0,0.363,0.637,-0.6901,2018-02-02 17:49:19+00:00
FoxNews,Carter Page statement to Fox News. #MemoDay  https://t.co/5v5qfh17vS https://t.co/Dpx7OzPV1G,0.0,0.0,1.0,0.0,2018-02-02 17:49:46+00:00
nytimes,What changes are you seeing in how sexual harassment is being dealt with in your workplace and community? Share you‚Ä¶ https://t.co/BMOUfAjBls,0.089,0.142,0.769,-0.3182,2018-02-02 17:53:08+00:00
nytimes,What changes are you seeing in how sexual harassment is being dealt with in your workplace and community? Share you‚Ä¶ https://t.co/BMOUfAjBls,0.089,0.142,0.769,-0.3182,2018-02-02 17:53:08+00:00
FoxNews,DNC Chair on GOP Efforts to Undermine Trump-Russia Investigation https://t.co/gvAzlYqz8U,0.0,0.196,0.804,-0.296,2018-02-02 17:53:56+00:00
FoxNews,.@NancyPelosi Statement on @POTUS‚Äôs Decision to Release @DevinNunes Memo https://t.co/5v5qfh17vS https://t.co/ptwsjQPbP4,0.0,0.0,1.0,0.0,2018-02-02 17:55:18+00:00
FoxNews,".@johnrobertsFox: ""The person who testified to the Intel. Cmte that there would've been no FISA warrant had it not‚Ä¶ https://t.co/yLxLsBtd4B",0.0,0.104,0.896,-0.296,2018-02-02 17:55:30+00:00
FoxNews,House memo states disputed dossier was key to FBI‚Äôs FISA warrant to surveil members of Team Trump https://t.co/DkRQClnFk1,0.0,0.124,0.876,-0.34,2018-02-02 17:59:15+00:00
CNN,"House Intelligence Chairman Devin Nunes issues statement on release of his controversial memo: ""The Committee has d‚Ä¶ https://t.co/DGDPWoZeMo",0.148,0.086,0.766,0.3182,2018-02-02 18:01:28+00:00
CNN,"House Intelligence Chairman Devin Nunes issues statement on release of his controversial memo: ""The Committee has d‚Ä¶ https://t.co/DGDPWoZeMo",0.148,0.086,0.766,0.3182,2018-02-02 18:01:28+00:00
FoxNews,'A Lot of People Should Be Ashamed': President Trump Reacts to Surveillance Memo #MemoDay https://t.co/jT5YHRsYjz https://t.co/CTVJw0O2ox,0.0,0.0,1.0,0.0,2018-02-02 18:03:24+00:00
FoxNews,READ: The full House Intelligence Committee Report On FISA Abuses. https://t.co/5v5qfh17vS https://t.co/AbI0ysLKR8,0.186,0.216,0.599,-0.128,2018-02-02 18:04:47+00:00
BBCWorld,"#Memo:
Former British spy Christopher Steele: 'Desperate that Trump not get elected'

https://t.co/ntIfjEmU67 https://t.co/jAmYp727JD",0.0,0.15,0.85,-0.3182,2018-02-02 18:06:38+00:00
BBCWorld,"#Memo:
Former British spy Christopher Steele: 'Desperate that Trump not get elected'

https://t.co/ntIfjEmU67 https://t.co/jAmYp727JD",0.0,0.15,0.85,-0.3182,2018-02-02 18:06:38+00:00
nytimes,Read the full text of the previously secret memo released by House Republicans https://t.co/0tuY7RCto4,0.0,0.0,1.0,0.0,2018-02-02 18:06:52+00:00
nytimes,Read the full text of the previously secret memo released by House Republicans https://t.co/0tuY7RCto4,0.0,0.0,1.0,0.0,2018-02-02 18:06:52+00:00
FoxNews,Workers celebrate more money in paychecks after tax cuts https://t.co/N6FLSkWsqh,0.266,0.158,0.576,0.3612,2018-02-02 18:11:37+00:00
FoxNews,".@RepDeSantis: ""It answers the question about did the @FBI used this Democrat Party-funded dossier to obtain survei‚Ä¶ https://t.co/Ud81wQHCg9",0.0,0.0,1.0,0.0,2018-02-02 18:14:23+00:00
CNN,Iced tea company kills plan to buy bitcoin mining rigs https://t.co/7kIQya04yC,0.0,0.259,0.741,-0.5423,2018-02-02 18:15:07+00:00
CNN,Iced tea company kills plan to buy bitcoin mining rigs https://t.co/7kIQya04yC,0.0,0.259,0.741,-0.5423,2018-02-02 18:15:07+00:00
FoxNews,".@RepDeSantis: ""It's a confluence of the Democratic Party, the Obama Administration, Fusion GPS, the media.""‚Ä¶ https://t.co/fRgXJwj5Om",0.162,0.0,0.838,0.4019,2018-02-02 18:15:17+00:00
FoxNews,".@RepDeSantis: ""This whole Russia narrative was based off anonymous sources, months and months of leaks from the bu‚Ä¶ https://t.co/w9wYoyqdR8",0.0,0.0,1.0,0.0,2018-02-02 18:18:30+00:00
FoxNews,".@RepDeSantis: ""This whole Russia stuff was, I think, much more wishful thinking on the part of @FBI agents like Pe‚Ä¶ https://t.co/x4GrfyrrA0",0.116,0.0,0.884,0.3612,2018-02-02 18:19:50+00:00
nytimes,"Opinion: ""He went from being a devoted and loving father and husband to someone who felt like a ghost in our home"" https://t.co/mdIktGBLLF",0.32,0.081,0.599,0.7783,2018-02-02 18:20:05+00:00
nytimes,"Opinion: ""He went from being a devoted and loving father and husband to someone who felt like a ghost in our home"" https://t.co/mdIktGBLLF",0.32,0.081,0.599,0.7783,2018-02-02 18:20:05+00:00
FoxNews,".@RepDeSantis: ""We're in 2018 now and we still don't have evidence of any Trump-Russia campaign collusion.""‚Ä¶ https://t.co/PfKG3AAyBE",0.0,0.0,1.0,0.0,2018-02-02 18:21:12+00:00
FoxNews,".@AriFleischer: ""Unless [@POTUS's] firing of @Comey created obstruction, @realDonaldTrump is in the clear, and the‚Ä¶ https://t.co/TSbsjfhTX4",0.23,0.12,0.65,0.296,2018-02-02 18:25:25+00:00
CNN,"Democratic lawmakers are fuming after the release of the disputed GOP intelligence memo, calling it ""dangerous""‚Ä¶ https://t.co/Toxjv2w5Qg",0.134,0.263,0.603,-0.4588,2018-02-02 18:28:03+00:00
CNN,"Democratic lawmakers are fuming after the release of the disputed GOP intelligence memo, calling it ""dangerous""‚Ä¶ https://t.co/Toxjv2w5Qg",0.134,0.263,0.603,-0.4588,2018-02-02 18:28:03+00:00
FoxNews,".@RepDeSantis: ""It answers the question about did the @FBI used this Democrat Party-funded dossier to obtain survei‚Ä¶ https://t.co/9xHtAfnD9X",0.0,0.0,1.0,0.0,2018-02-02 18:29:15+00:00
FoxNews,"‚ÄúThe Committee has discovered serious violations of the public trust,"" @DevinNunes said in a statement after the Ho‚Ä¶ https://t.co/b172Bo4zNb",0.0,0.227,0.773,-0.5719,2018-02-02 18:29:50+00:00
nytimes,Carter Page is at the center of the Republicans' newly released memo. @nytmag wrote a profile of him in December. https://t.co/bqV3u94G1b,0.0,0.0,1.0,0.0,2018-02-02 18:30:09+00:00
nytimes,Carter Page is at the center of the Republicans' newly released memo. @nytmag wrote a profile of him in December. https://t.co/bqV3u94G1b,0.0,0.0,1.0,0.0,2018-02-02 18:30:09+00:00
BBCWorld,"At a ballet in Russia, a pair of star-cross'd lovers take their bow... and Romeo has a big question to ask Juliet..‚Ä¶ https://t.co/vA0pD0MpSi",0.152,0.0,0.848,0.5267,2018-02-02 18:31:47+00:00
BBCWorld,"At a ballet in Russia, a pair of star-cross'd lovers take their bow... and Romeo has a big question to ask Juliet..‚Ä¶ https://t.co/vA0pD0MpSi",0.152,0.0,0.848,0.5267,2018-02-02 18:31:47+00:00
nytimes,7 Humane Society board members have resigned in protest of a decision to keep the CEO in the job despite allegation‚Ä¶ https://t.co/eaiS33dE1d,0.0,0.182,0.818,-0.4588,2018-02-02 18:40:01+00:00
nytimes,7 Humane Society board members have resigned in protest of a decision to keep the CEO in the job despite allegation‚Ä¶ https://t.co/eaiS33dE1d,0.0,0.182,0.818,-0.4588,2018-02-02 18:40:01+00:00
FoxNews,House memo states disputed dossier was key to FBI‚Äôs FISA warrant to surveil members of Team Trump https://t.co/DkRQClnFk1,0.0,0.124,0.876,-0.34,2018-02-02 18:40:04+00:00
CNN,The 33 most over-the-top Anthony Scaramucci quotes to Vanity Fair | Analysis by Chris Cillizza‚Ä¶ https://t.co/gPL8bZkvsO,0.134,0.11,0.756,0.1027,2018-02-02 18:40:16+00:00
CNN,The 33 most over-the-top Anthony Scaramucci quotes to Vanity Fair | Analysis by Chris Cillizza‚Ä¶ https://t.co/gPL8bZkvsO,0.134,0.11,0.756,0.1027,2018-02-02 18:40:16+00:00
BBCWorld,Groundhog Day: Punxsutawney Phil makes prediction https://t.co/yeqGAcdp9F,0.0,0.0,1.0,0.0,2018-02-02 18:43:23+00:00
BBCWorld,Groundhog Day: Punxsutawney Phil makes prediction https://t.co/yeqGAcdp9F,0.0,0.0,1.0,0.0,2018-02-02 18:43:23+00:00
FoxNews,"Florida man was three times over legal drinking limit when he dropped kid off at school, police say https://t.co/hGu5lyUJxS",0.077,0.0,0.923,0.128,2018-02-02 18:44:43+00:00
FoxNews,"Chuck Norris gives roundhouse kick to CBS, Sony, suing for $30 million over 'Walker, Texas Ranger' profits (via‚Ä¶ https://t.co/Ijs261cWWd",0.132,0.095,0.773,0.2023,2018-02-02 18:47:56+00:00
FoxNews,"Gaetz: ""The Dem. Party hired the Perkins law firm. The Perkins law firm hired Fusion GPS. Fusion GPS hired Christop‚Ä¶ https://t.co/dMu85cvCbb",0.119,0.0,0.881,0.4019,2018-02-02 18:49:49+00:00
nytimes,"The Met isn‚Äôt trying to create a slasher opera. But this director is flooding the theater's stage with over 1,000 g‚Ä¶ https://t.co/aeZybVQf2n",0.095,0.0,0.905,0.2732,2018-02-02 18:50:09+00:00
nytimes,"The Met isn‚Äôt trying to create a slasher opera. But this director is flooding the theater's stage with over 1,000 g‚Ä¶ https://t.co/aeZybVQf2n",0.095,0.0,0.905,0.2732,2018-02-02 18:50:09+00:00
FoxNews,"Moments ago, James @Comey responded to the release of the #Memo: ""That‚Äôs it?"" #MemoDay https://t.co/5v5qfh17vS https://t.co/hFjl9km8h7",0.0,0.0,1.0,0.0,2018-02-02 18:55:19+00:00
FoxNews,".@TomFitton: ""There's no Mueller investigation without the dossier paid for by Clinton and @DNC funds - so the whol‚Ä¶ https://t.co/qzqj2F1z7X",0.0,0.109,0.891,-0.296,2018-02-02 18:58:02+00:00
FoxNews,".@RepMattGaetz: ""A dossier, paid for the Democratic Party, was used as a basis to spy on American citizens. That do‚Ä¶ https://t.co/2MeWAghMOc",0.124,0.0,0.876,0.4019,2018-02-02 18:59:56+00:00
nytimes,An Arizona man said he sold 720 rounds of ammunition to the Las Vegas gunman https://t.co/nmsLE0yTQa,0.0,0.0,1.0,0.0,2018-02-02 19:00:18+00:00
nytimes,An Arizona man said he sold 720 rounds of ammunition to the Las Vegas gunman https://t.co/nmsLE0yTQa,0.0,0.0,1.0,0.0,2018-02-02 19:00:18+00:00
FoxNews,"FISA memo: Steele fired as an FBI source for breaking 'cardinal rule' --leaking to the media - via @brookefoxnews
https://t.co/cX0RoVSsvi",0.0,0.167,0.833,-0.5574,2018-02-02 19:00:41+00:00
CNN,RT @CNNPolitics: Former FBI Director Comey tweets in response to the release of the GOP-Nunes memo: ‚ÄúThat‚Äôs it?‚Äù https://t.co/fYlCwTvczb ht‚Ä¶,0.0,0.0,1.0,0.0,2018-02-02 19:01:23+00:00
CNN,RT @CNNPolitics: Former FBI Director Comey tweets in response to the release of the GOP-Nunes memo: ‚ÄúThat‚Äôs it?‚Äù https://t.co/fYlCwTvczb ht‚Ä¶,0.0,0.0,1.0,0.0,2018-02-02 19:01:23+00:00
CNN,"Polar bears could face extinction faster than thought, study says https://t.co/fj6Opzvvw8 https://t.co/QyFOb0LcFj",0.0,0.0,1.0,0.0,2018-02-02 19:01:54+00:00
CNN,"Polar bears could face extinction faster than thought, study says https://t.co/fj6Opzvvw8 https://t.co/QyFOb0LcFj",0.0,0.0,1.0,0.0,2018-02-02 19:01:54+00:00
CBS,RT @TheTalkCBS: All the #redcarpet looks from the 60th annual #GRAMMYs! Did you catch @TheRealEve's sparkly two-piece suit? Diamond accents‚Ä¶,0.124,0.0,0.876,0.4003,2018-02-02 19:03:33+00:00
CBS,RT @TheTalkCBS: All the #redcarpet looks from the 60th annual #GRAMMYs! Did you catch @TheRealEve's sparkly two-piece suit? Diamond accents‚Ä¶,0.124,0.0,0.876,0.4003,2018-02-02 19:03:33+00:00
FoxNews,".@mattgaetz: ""Dem. Party hired the Perkins law firm. The Perkins law firm hired Fusion GPS. Fusion GPS hired Christ‚Ä¶ https://t.co/mAOfItmfom",0.124,0.0,0.876,0.4019,2018-02-02 19:05:02+00:00
FoxNews,House #memo states disputed dossier was key to FBI‚Äôs FISA warrant to surveil members of Team Trump https://t.co/DkRQClnFk1,0.0,0.124,0.876,-0.34,2018-02-02 19:13:52+00:00
nytimes,Alec Baldwin skewers President Trump on SNL. And supports Woody Allen and James Toback. https://t.co/VMNgGI2KXj,0.152,0.0,0.848,0.3612,2018-02-02 19:15:12+00:00
nytimes,Alec Baldwin skewers President Trump on SNL. And supports Woody Allen and James Toback. https://t.co/VMNgGI2KXj,0.152,0.0,0.848,0.3612,2018-02-02 19:15:12+00:00
CNN,Prostate cancer now kills more in the United Kingdom than breast cancer https://t.co/qzwpZyr8CJ,0.126,0.505,0.369,-0.8817,2018-02-02 19:16:46+00:00
CNN,Prostate cancer now kills more in the United Kingdom than breast cancer https://t.co/qzwpZyr8CJ,0.126,0.505,0.369,-0.8817,2018-02-02 19:16:46+00:00
CNN,A mass grave discovered in England may belong to the Viking Great Army https://t.co/4PSdWdYDrE,0.232,0.147,0.621,0.3612,2018-02-02 19:18:40+00:00
CNN,A mass grave discovered in England may belong to the Viking Great Army https://t.co/4PSdWdYDrE,0.232,0.147,0.621,0.3612,2018-02-02 19:18:40+00:00
nytimes,The memo released by House Republicans falls short of what some promised: that it would cast doubt on the origins o‚Ä¶ https://t.co/zyKN3U0GUl,0.1,0.1,0.8,0.0,2018-02-02 19:23:03+00:00
nytimes,The memo released by House Republicans falls short of what some promised: that it would cast doubt on the origins o‚Ä¶ https://t.co/zyKN3U0GUl,0.1,0.1,0.8,0.0,2018-02-02 19:23:03+00:00
FoxNews,What is Nunes' FISA memo? 6 things to know about the secret document https://t.co/e6YLG66ey4,0.0,0.0,1.0,0.0,2018-02-02 19:25:52+00:00
FoxNews,'A Lot of People Should Be Ashamed': President Trump Reacts to Surveillance Memo #MemoDay https://t.co/jT5YHRsYjz https://t.co/tIo56nN9s7,0.0,0.0,1.0,0.0,2018-02-02 19:29:29+00:00
FoxNews,'A Lot of People Should Be Ashamed': President Trump Reacts to Surveillance Memo #MemoDay https://t.co/jT5YHRsYjz https://t.co/tIo56nN9s7,0.0,0.0,1.0,0.0,2018-02-02 19:29:29+00:00
nytimes,The Charleston Gazette-Mail won a Pulitzer Prize last year for its dogged coverage of West Virginia's opioid crisis‚Ä¶ https://t.co/Vo4wRzC00V,0.304,0.0,0.696,0.7906,2018-02-02 19:30:13+00:00
nytimes,The Charleston Gazette-Mail won a Pulitzer Prize last year for its dogged coverage of West Virginia's opioid crisis‚Ä¶ https://t.co/Vo4wRzC00V,0.304,0.0,0.696,0.7906,2018-02-02 19:30:13+00:00
FoxNews,"RT @FoxBusiness: .@CBedfordDC on the potential impact on the stock market from the FISA memo: ""We shouldn't really watch for any real serio‚Ä¶",0.0,0.0,1.0,0.0,2018-02-02 19:30:51+00:00
FoxNews,"RT @FoxBusiness: .@CBedfordDC on the potential impact on the stock market from the FISA memo: ""We shouldn't really watch for any real serio‚Ä¶",0.0,0.0,1.0,0.0,2018-02-02 19:30:51+00:00
FoxNews,RT @FoxBusiness: Twinkie maker to give out bonuses after Trump tax cut https://t.co/NiMgV9vkpT,0.216,0.126,0.659,0.3612,2018-02-02 19:30:59+00:00
FoxNews,RT @FoxBusiness: Twinkie maker to give out bonuses after Trump tax cut https://t.co/NiMgV9vkpT,0.216,0.126,0.659,0.3612,2018-02-02 19:30:59+00:00
CNN,"Pizza shop workers took down an armed robber -- but when police took off his mask, they discovered he was their old‚Ä¶ https://t.co/UqvdKtVdZZ",0.0,0.095,0.905,-0.3182,2018-02-02 19:31:35+00:00
CNN,"Pizza shop workers took down an armed robber -- but when police took off his mask, they discovered he was their old‚Ä¶ https://t.co/UqvdKtVdZZ",0.0,0.095,0.905,-0.3182,2018-02-02 19:31:35+00:00
FoxNews,.@SpeakerRyan statement on #Memo. #MemoDay https://t.co/jT5YHRsYjz https://t.co/bIbyx5Ibo0,0.0,0.0,1.0,0.0,2018-02-02 19:31:44+00:00
FoxNews,.@SpeakerRyan statement on #Memo. #MemoDay https://t.co/jT5YHRsYjz https://t.co/bIbyx5Ibo0,0.0,0.0,1.0,0.0,2018-02-02 19:31:44+00:00
FoxNews,FISA Memo: Dossier Author Steele Admitted He Was 'Desperate' for Trump Not to Get Elected https://t.co/db1jeHEJmR,0.085,0.0,0.915,0.1027,2018-02-02 19:35:48+00:00
FoxNews,FISA Memo: Dossier Author Steele Admitted He Was 'Desperate' for Trump Not to Get Elected https://t.co/db1jeHEJmR,0.085,0.0,0.915,0.1027,2018-02-02 19:35:48+00:00
CNN,"President Trump refused to say whether he would dismiss Deputy Attorney General Rod Rosenstein, the top DOJ officia‚Ä¶ https://t.co/6lqxhkuoSR",0.086,0.105,0.81,-0.1027,2018-02-02 19:36:01+00:00
CNN,"President Trump refused to say whether he would dismiss Deputy Attorney General Rod Rosenstein, the top DOJ officia‚Ä¶ https://t.co/6lqxhkuoSR",0.086,0.105,0.81,-0.1027,2018-02-02 19:36:01+00:00
FoxNews,RT @FoxBusiness: U.S. markets - from Election Day. https://t.co/CQSMX7OFej,0.0,0.0,1.0,0.0,2018-02-02 19:38:38+00:00
FoxNews,RT @FoxBusiness: U.S. markets - from Election Day. https://t.co/CQSMX7OFej,0.0,0.0,1.0,0.0,2018-02-02 19:38:38+00:00
FoxNews,"Moments ago, actor @RealJamesWoods did not hold back in his reaction to the Nunes memo. https://t.co/5v5qfh17vS‚Ä¶ https://t.co/kK1wFlLnIS",0.0,0.0,1.0,0.0,2018-02-02 19:39:27+00:00
FoxNews,"Moments ago, actor @RealJamesWoods did not hold back in his reaction to the Nunes memo. https://t.co/5v5qfh17vS‚Ä¶ https://t.co/kK1wFlLnIS",0.0,0.0,1.0,0.0,2018-02-02 19:39:27+00:00
nytimes,"RT @nytimesmusic: When Justin Timberlake was announced as the performer for this year‚Äôs Super Bowl halftime show, the memory of one of pop‚Äô‚Ä¶",0.151,0.0,0.849,0.5994,2018-02-02 19:40:07+00:00
nytimes,"RT @nytimesmusic: When Justin Timberlake was announced as the performer for this year‚Äôs Super Bowl halftime show, the memory of one of pop‚Äô‚Ä¶",0.151,0.0,0.849,0.5994,2018-02-02 19:40:07+00:00
nytimes,"The full text of the memo released by House Republicans, annotated https://t.co/aez7u496OC",0.0,0.0,1.0,0.0,2018-02-02 19:42:42+00:00
nytimes,"The full text of the memo released by House Republicans, annotated https://t.co/aez7u496OC",0.0,0.0,1.0,0.0,2018-02-02 19:42:42+00:00
nytimes,RT @amyfiscus: What's NOT in the memo might be just as important as what is. @charlie_savage is annotating it live: https://t.co/XcmiuzQJ21,0.083,0.0,0.917,0.2023,2018-02-02 19:44:52+00:00
nytimes,RT @amyfiscus: What's NOT in the memo might be just as important as what is. @charlie_savage is annotating it live: https://t.co/XcmiuzQJ21,0.083,0.0,0.917,0.2023,2018-02-02 19:44:52+00:00
FoxNews,House Intelligence Committee releases GOP surveillance #memo. #MemoDay https://t.co/jT5YHRsYjz https://t.co/vxx4MJs6rZ,0.256,0.0,0.744,0.4767,2018-02-02 19:49:03+00:00
FoxNews,House Intelligence Committee releases GOP surveillance #memo. #MemoDay https://t.co/jT5YHRsYjz https://t.co/vxx4MJs6rZ,0.256,0.0,0.744,0.4767,2018-02-02 19:49:03+00:00
CNN,'Black Panther' is outselling every previous superhero film in advance ticket sales https://t.co/zaHozBCSgk https://t.co/Zz8XHzCO0k,0.0,0.0,1.0,0.0,2018-02-02 19:52:58+00:00
CNN,'Black Panther' is outselling every previous superhero film in advance ticket sales https://t.co/zaHozBCSgk https://t.co/Zz8XHzCO0k,0.0,0.0,1.0,0.0,2018-02-02 19:52:58+00:00
nytimes,These girls want to compete as Jamaica's first Olympic synchronized swimmers. Here's more good news: https://t.co/SBKv9OLdrl,0.243,0.0,0.757,0.5413,2018-02-02 19:55:01+00:00
nytimes,These girls want to compete as Jamaica's first Olympic synchronized swimmers. Here's more good news: https://t.co/SBKv9OLdrl,0.243,0.0,0.757,0.5413,2018-02-02 19:55:01+00:00
CNN,"""That's it?"" Former FBI Director James Comey skewers a Republican memo alleging that the FBI abused its surveillanc‚Ä¶ https://t.co/VhX2Mm6GDw",0.0,0.163,0.837,-0.5106,2018-02-02 19:56:27+00:00
CNN,"""That's it?"" Former FBI Director James Comey skewers a Republican memo alleging that the FBI abused its surveillanc‚Ä¶ https://t.co/VhX2Mm6GDw",0.0,0.163,0.837,-0.5106,2018-02-02 19:56:27+00:00
FoxNews,RT @FoxBusiness: Americans' big spending for Super Bowl Sunday festivities https://t.co/3OKUHPHBSM,0.438,0.0,0.562,0.7906,2018-02-02 20:01:18+00:00
FoxNews,RT @FoxBusiness: Americans' big spending for Super Bowl Sunday festivities https://t.co/3OKUHPHBSM,0.438,0.0,0.562,0.7906,2018-02-02 20:01:18+00:00
CNN,The black unemployment rate is no longer at the record low that President Trump touted after jumping nearly a perce‚Ä¶ https://t.co/JTPnifPHuN,0.0,0.344,0.656,-0.7506,2018-02-02 20:04:53+00:00
CNN,The black unemployment rate is no longer at the record low that President Trump touted after jumping nearly a perce‚Ä¶ https://t.co/JTPnifPHuN,0.0,0.344,0.656,-0.7506,2018-02-02 20:04:53+00:00
nytimes,"RT @jdelreal: My latest: The Brock Turner sexual assault case drew national outrage. Now, the effort to recall the judge has revealed sharp‚Ä¶",0.0,0.253,0.747,-0.7964,2018-02-02 20:05:03+00:00
nytimes,"RT @jdelreal: My latest: The Brock Turner sexual assault case drew national outrage. Now, the effort to recall the judge has revealed sharp‚Ä¶",0.0,0.253,0.747,-0.7964,2018-02-02 20:05:03+00:00
CBS,"The all-star collaboration between @Rihanna, @DJKhaled and @brysontiller brought the party to the #GRAMMYs with a s‚Ä¶ https://t.co/jTv5QbtgUp",0.144,0.0,0.856,0.4019,2018-02-02 20:07:40+00:00
CBS,"The all-star collaboration between @Rihanna, @DJKhaled and @brysontiller brought the party to the #GRAMMYs with a s‚Ä¶ https://t.co/jTv5QbtgUp",0.144,0.0,0.856,0.4019,2018-02-02 20:07:40+00:00
CNN,"The stock market is having its worst week in two years, with the Dow dropping more than 600 points today‚Ä¶ https://t.co/i89Ramt8IS",0.0,0.17,0.83,-0.6249,2018-02-02 20:07:49+00:00
CNN,"The stock market is having its worst week in two years, with the Dow dropping more than 600 points today‚Ä¶ https://t.co/i89Ramt8IS",0.0,0.17,0.83,-0.6249,2018-02-02 20:07:49+00:00
FoxNews,READ THE MEMO: House Intelligence Committee report on FISA abuses https://t.co/cXWV4CkoNU,0.197,0.229,0.573,-0.128,2018-02-02 20:08:57+00:00
FoxNews,READ THE MEMO: House Intelligence Committee report on FISA abuses https://t.co/cXWV4CkoNU,0.197,0.229,0.573,-0.128,2018-02-02 20:08:57+00:00
FoxNews,"RT @FoxNewsResearch: Typical FISA Request
‚Ä¢Ranges 30-100 pages
‚Ä¢Overview of the evidence
‚Ä¢Legal memorandum from career intelligence lawyer‚Ä¶",0.154,0.0,0.846,0.4767,2018-02-02 20:14:08+00:00
FoxNews,"RT @FoxNewsResearch: Typical FISA Request
‚Ä¢Ranges 30-100 pages
‚Ä¢Overview of the evidence
‚Ä¢Legal memorandum from career intelligence lawyer‚Ä¶",0.154,0.0,0.846,0.4767,2018-02-02 20:14:08+00:00
nytimes,The worst flu season in nearly a decade has filled emergency rooms and strained resources at medical centers. ‚ÄúWe t‚Ä¶ https://t.co/QUNAGTqHQm,0.0,0.429,0.571,-0.9001,2018-02-02 20:15:11+00:00
nytimes,The worst flu season in nearly a decade has filled emergency rooms and strained resources at medical centers. ‚ÄúWe t‚Ä¶ https://t.co/QUNAGTqHQm,0.0,0.429,0.571,-0.9001,2018-02-02 20:15:11+00:00
CNN,40 million people are living in modern slavery. We want to know what freedom means to you. Share your photos and vi‚Ä¶ https://t.co/NqmDUBHDEf,0.244,0.152,0.603,0.2263,2018-02-02 20:22:38+00:00
CNN,40 million people are living in modern slavery. We want to know what freedom means to you. Share your photos and vi‚Ä¶ https://t.co/NqmDUBHDEf,0.244,0.152,0.603,0.2263,2018-02-02 20:22:38+00:00
FoxNews,"James Comey slams FISA memo as 'dishonest' and 'misleading' - via @brookefoxnews
https://t.co/OaO9AL9IBg",0.0,0.0,1.0,0.0,2018-02-02 20:27:19+00:00
FoxNews,"James Comey slams FISA memo as 'dishonest' and 'misleading' - via @brookefoxnews
https://t.co/OaO9AL9IBg",0.0,0.0,1.0,0.0,2018-02-02 20:27:19+00:00
FoxNews,"Chris Wallace on FISA memo: ""I wouldn't say it's worse than Watergate, as some people have said, and I wouldn't say‚Ä¶ https://t.co/AfoHM43Mpt",0.113,0.0,0.887,0.3724,2018-02-02 20:27:45+00:00
FoxNews,"Chris Wallace on FISA memo: ""I wouldn't say it's worse than Watergate, as some people have said, and I wouldn't say‚Ä¶ https://t.co/AfoHM43Mpt",0.113,0.0,0.887,0.3724,2018-02-02 20:27:45+00:00
CNN,"When Randall Margraves lunged toward disgraced doctor Larry Nassar in a courtroom, many social media users responde‚Ä¶ https://t.co/kaaLjMpnq6",0.0,0.158,0.842,-0.4588,2018-02-02 20:29:49+00:00
CNN,"When Randall Margraves lunged toward disgraced doctor Larry Nassar in a courtroom, many social media users responde‚Ä¶ https://t.co/kaaLjMpnq6",0.0,0.158,0.842,-0.4588,2018-02-02 20:29:49+00:00
nytimes,"Rebekah Martinez was reported missing in November, despite appearing on ""The Bachelor"" and being on social media https://t.co/uJQv5rmhwR",0.0,0.115,0.885,-0.296,2018-02-02 20:30:19+00:00
nytimes,"Rebekah Martinez was reported missing in November, despite appearing on ""The Bachelor"" and being on social media https://t.co/uJQv5rmhwR",0.0,0.115,0.885,-0.296,2018-02-02 20:30:19+00:00
FoxNews,".@TomFitton: ""There's no Mueller investigation without the dossier paid for by Clinton and @DNC funds - so the whol‚Ä¶ https://t.co/0lDKcBxpXF",0.0,0.109,0.891,-0.296,2018-02-02 20:34:56+00:00
FoxNews,".@TomFitton: ""There's no Mueller investigation without the dossier paid for by Clinton and @DNC funds - so the whol‚Ä¶ https://t.co/0lDKcBxpXF",0.0,0.109,0.891,-0.296,2018-02-02 20:34:56+00:00
FoxNews,James @Comey slams FISA memo as 'dishonest' and 'misleading' - @via @brookefoxnews https://t.co/SleE87LWtR https://t.co/P7CPFqrGhW,0.0,0.0,1.0,0.0,2018-02-02 20:36:54+00:00
FoxNews,James @Comey slams FISA memo as 'dishonest' and 'misleading' - @via @brookefoxnews https://t.co/SleE87LWtR https://t.co/P7CPFqrGhW,0.0,0.0,1.0,0.0,2018-02-02 20:36:54+00:00
FoxNews,".@NancyPelosi, prior to #memo's release: ""It's a bogus memo. It's not based on fact."" https://t.co/tdXiIGDNNv https://t.co/Fo1ioubuNx",0.0,0.0,1.0,0.0,2018-02-02 20:40:40+00:00
FoxNews,".@NancyPelosi, prior to #memo's release: ""It's a bogus memo. It's not based on fact."" https://t.co/tdXiIGDNNv https://t.co/Fo1ioubuNx",0.0,0.0,1.0,0.0,2018-02-02 20:40:40+00:00
CNN,"The US says Russia is ""developing"" an undersea nuclear-armed torpedo https://t.co/eL39Q837TK",0.0,0.0,1.0,0.0,2018-02-02 20:41:56+00:00
CNN,"The US says Russia is ""developing"" an undersea nuclear-armed torpedo https://t.co/eL39Q837TK",0.0,0.0,1.0,0.0,2018-02-02 20:41:56+00:00
BBCWorld,Tariq Ramadan charged in France over rape allegations https://t.co/NGS4BQvLt5,0.0,0.481,0.519,-0.7579,2018-02-02 20:43:20+00:00
BBCWorld,Tariq Ramadan charged in France over rape allegations https://t.co/NGS4BQvLt5,0.0,0.481,0.519,-0.7579,2018-02-02 20:43:20+00:00
FoxNews,Attorneys for former Trump campaign adviser Rick Gates asks to withdraw from case. https://t.co/6vlktACwcJ,0.0,0.0,1.0,0.0,2018-02-02 20:46:34+00:00
FoxNews,Attorneys for former Trump campaign adviser Rick Gates asks to withdraw from case. https://t.co/6vlktACwcJ,0.0,0.0,1.0,0.0,2018-02-02 20:46:34+00:00
nytimes,"Fettuccine with sausage and fried sage makes an elegant, satisfying 30 minute meal https://t.co/m4Lz70zseM https://t.co/S7lyzy6ZLT",0.319,0.0,0.681,0.7269,2018-02-02 20:47:14+00:00
nytimes,"Fettuccine with sausage and fried sage makes an elegant, satisfying 30 minute meal https://t.co/m4Lz70zseM https://t.co/S7lyzy6ZLT",0.319,0.0,0.681,0.7269,2018-02-02 20:47:14+00:00
FoxNews,".@ShepNewsTeam: ""The Dow is off 645 points, 2.48%. That is the largest day drop, if it closes like this, since Brex‚Ä¶ https://t.co/tu5ie2elj2",0.102,0.085,0.813,0.1027,2018-02-02 20:49:16+00:00
FoxNews,".@ShepNewsTeam: ""The Dow is off 645 points, 2.48%. That is the largest day drop, if it closes like this, since Brex‚Ä¶ https://t.co/tu5ie2elj2",0.102,0.085,0.813,0.1027,2018-02-02 20:49:16+00:00
CNN,"President Trump's pick to be US ambassador to Singapore, KT McFarland, has asked the President to withdraw her nomi‚Ä¶ https://t.co/sjxd4E6QVF",0.0,0.0,1.0,0.0,2018-02-02 20:53:56+00:00
CNN,"President Trump's pick to be US ambassador to Singapore, KT McFarland, has asked the President to withdraw her nomi‚Ä¶ https://t.co/sjxd4E6QVF",0.0,0.0,1.0,0.0,2018-02-02 20:53:56+00:00
nytimes,"2. ""Zora Neale Hurston Fieldwork Footage"" (1928): The author and anthropologist's look at ordinary black Southerner‚Ä¶ https://t.co/fH92EvgSL7",0.0,0.0,1.0,0.0,2018-02-02 20:55:00+00:00
nytimes,"2. ""Zora Neale Hurston Fieldwork Footage"" (1928): The author and anthropologist's look at ordinary black Southerner‚Ä¶ https://t.co/fH92EvgSL7",0.0,0.0,1.0,0.0,2018-02-02 20:55:00+00:00
FoxNews,Dow drops more than 600 points; @GerriWillisFBN discusses with @ShepNewsTeam. https://t.co/JtMGUw2LTW,0.0,0.0,1.0,0.0,2018-02-02 20:59:04+00:00
FoxNews,Dow drops more than 600 points; @GerriWillisFBN discusses with @ShepNewsTeam. https://t.co/JtMGUw2LTW,0.0,0.0,1.0,0.0,2018-02-02 20:59:04+00:00
FoxNews,"TONIGHT on ""Special Report,"" @DevinNunes speaks exclusively to @BretBaier  - Tune in at 6p ET on Fox News Channel. https://t.co/jB06HKnAz5",0.13,0.0,0.87,0.4019,2018-02-02 21:00:02+00:00
FoxNews,"TONIGHT on ""Special Report,"" @DevinNunes speaks exclusively to @BretBaier  - Tune in at 6p ET on Fox News Channel. https://t.co/jB06HKnAz5",0.13,0.0,0.87,0.4019,2018-02-02 21:00:02+00:00
CNN,The Arizona House of Representatives voted nearly unanimously to oust Republican Rep. Don Shooter after a report fo‚Ä¶ https://t.co/l31rJyKENO,0.0,0.0,1.0,0.0,2018-02-02 21:01:10+00:00
CNN,The Arizona House of Representatives voted nearly unanimously to oust Republican Rep. Don Shooter after a report fo‚Ä¶ https://t.co/l31rJyKENO,0.0,0.0,1.0,0.0,2018-02-02 21:01:10+00:00
nytimes,"What if your employer made you wear a wristband that tracked your every move, and that even nudged you when it judg‚Ä¶ https://t.co/yERq79UXlk",0.0,0.0,1.0,0.0,2018-02-02 21:05:40+00:00
nytimes,"What if your employer made you wear a wristband that tracked your every move, and that even nudged you when it judg‚Ä¶ https://t.co/yERq79UXlk",0.0,0.0,1.0,0.0,2018-02-02 21:05:40+00:00
